species,found,URL,count,captcha_count
Vanessa antiopa,True,https://www.ebay.com/sch/i.html?_sacat=0&LH_Sold=1&_udlo=&_udhi=&_samilow=&_samihi=&_sop=12&_dmd=1&_ipg=200&LH_Complete=1&_fosrp=1&_nkw=%22Vanessa+antiopa%22&rt=nc&LH_PrefLoc=2,7,1
Vanessa pocahontas,False,https://www.ebay.com/sch/i.html?_sacat=0&LH_Sold=1&_udlo=&_udhi=&_samilow=&_samihi=&_sop=12&_dmd=1&_ipg=200&LH_Complete=1&_fosrp=1&_nkw=%22Vanessa+pocahontas%22&rt=nc&LH_PrefLoc=2,0,1
Vanessa j-album,False,https://www.ebay.com/sch/i.html?_sacat=0&LH_Sold=1&_udlo=&_udhi=&_samilow=&_samihi=&_sop=12&_dmd=1&_ipg=200&LH_Complete=1&_fosrp=1&_nkw=%22Vanessa+j-album%22&rt=nc&LH_PrefLoc=2,0,1
Nymphalis vau-album,True,https://www.ebay.com/sch/i.html?_sacat=0&LH_Sold=1&_udlo=&_udhi=&_samilow=&_samihi=&_sop=12&_dmd=1&_ipg=200&LH_Complete=1&_fosrp=1&_nkw=%22Nymphalis+vau-album%22&rt=nc&LH_PrefLoc=2,5,1
Nymphalis vaualbum,True,https://www.ebay.com/sch/i.html?_sacat=0&LH_Sold=1&_udlo=&_udhi=&_samilow=&_samihi=&_sop=12&_dmd=1&_ipg=200&LH_Complete=1&_fosrp=1&_nkw=%22Nymphalis+vaualbum%22&rt=nc&LH_PrefLoc=2,2,1
Populus nigra,True,https://www.ebay.com/sch/i.html?_sacat=0&LH_Sold=1&_udlo=&_udhi=&_samilow=&_samihi=&_sop=12&_dmd=1&_ipg=200&LH_Complete=1&_fosrp=1&_nkw=%22Populus+nigra%22&rt=nc&LH_PrefLoc=2,2,1
Vanessa polychloros,False,https://www.ebay.com/sch/i.html?_sacat=0&LH_Sold=1&_udlo=&_udhi=&_samilow=&_samihi=&_sop=12&_dmd=1&_ipg=200&LH_Complete=1&_fosrp=1&_nkw=%22Vanessa+polychloros%22&rt=nc&LH_PrefLoc=2,0,1
Urena lobata,True,https://www.ebay.com/sch/i.html?_sacat=0&LH_Sold=1&_udlo=&_udhi=&_samilow=&_samihi=&_sop=12&_dmd=1&_ipg=200&LH_Complete=1&_fosrp=1&_nkw=%22Urena+lobata%22&rt=nc&LH_PrefLoc=2,2,1
Oeneis taygete,False,https://www.ebay.com/sch/i.html?_sacat=0&LH_Sold=1&_udlo=&_udhi=&_samilow=&_samihi=&_sop=12&_dmd=1&_ipg=200&LH_Complete=1&_fosrp=1&_nkw=%22Oeneis+taygete%22&rt=nc&LH_PrefLoc=2,0,1
California Arctic,False,https://www.ebay.com/sch/i.html?_sacat=0&LH_Sold=1&_udlo=&_udhi=&_samilow=&_samihi=&_sop=12&_dmd=1&_ipg=200&LH_Complete=1&_fosrp=1&_nkw=%22California+Arctic%22&rt=nc&LH_PrefLoc=2,0,1
Oeneis tarpeja,True,https://www.ebay.com/sch/i.html?_sacat=0&LH_Sold=1&_udlo=&_udhi=&_samilow=&_samihi=&_sop=12&_dmd=1&_ipg=200&LH_Complete=1&_fosrp=1&_nkw=%22Oeneis+tarpeja%22&rt=nc&LH_PrefLoc=2,3,1
Oeneis tunga,True,https://www.ebay.com/sch/i.html?_sacat=0&LH_Sold=1&_udlo=&_udhi=&_samilow=&_samihi=&_sop=12&_dmd=1&_ipg=200&LH_Complete=1&_fosrp=1&_nkw=%22Oeneis+tunga%22&rt=nc&LH_PrefLoc=2,1,1
Oeneis brunhilda,True,https://www.ebay.com/sch/i.html?_sacat=0&LH_Sold=1&_udlo=&_udhi=&_samilow=&_samihi=&_sop=12&_dmd=1&_ipg=200&LH_Complete=1&_fosrp=1&_nkw=%22Oeneis+brunhilda%22&rt=nc&LH_PrefLoc=2,1,1
Oeneis diluta,False,https://www.ebay.com/sch/i.html?_sacat=0&LH_Sold=1&_udlo=&_udhi=&_samilow=&_samihi=&_sop=12&_dmd=1&_ipg=200&LH_Complete=1&_fosrp=1&_nkw=%22Oeneis+diluta%22&rt=nc&LH_PrefLoc=2,0,1
Roystonea regia,True,https://www.ebay.com/sch/i.html?_sacat=0&LH_Sold=1&_udlo=&_udhi=&_samilow=&_samihi=&_sop=12&_dmd=1&_ipg=200&LH_Complete=1&_fosrp=1&_nkw=%22Roystonea+regia%22&rt=nc&LH_PrefLoc=2,21,1
Euterpe edulis,False,https://www.ebay.com/sch/i.html?_sacat=0&LH_Sold=1&_udlo=&_udhi=&_samilow=&_samihi=&_sop=12&_dmd=1&_ipg=200&LH_Complete=1&_fosrp=1&_nkw=%22Euterpe+edulis%22&rt=nc&LH_PrefLoc=2,0,1
Tasmanian Silver,False,https://www.ebay.com/sch/i.html?_sacat=0&LH_Sold=1&_udlo=&_udhi=&_samilow=&_samihi=&_sop=12&_dmd=1&_ipg=200&LH_Complete=1&_fosrp=1&_nkw=%22Tasmanian+Silver%22&rt=nc&LH_PrefLoc=2,0,1
Common Silver,True,https://www.ebay.com/sch/i.html?_sacat=0&LH_Sold=1&_udlo=&_udhi=&_samilow=&_samihi=&_sop=12&_dmd=1&_ipg=200&LH_Complete=1&_fosrp=1&_nkw=%22Common+Silver%22&rt=nc&LH_PrefLoc=2,19,1
Dark Silver,True,https://www.ebay.com/sch/i.html?_sacat=0&LH_Sold=1&_udlo=&_udhi=&_samilow=&_samihi=&_sop=12&_dmd=1&_ipg=200&LH_Complete=1&_fosrp=1&_nkw=%22Dark+Silver%22&rt=nc&LH_PrefLoc=2,"1,476",1
Alpine Silver,True,https://www.ebay.com/sch/i.html?_sacat=0&LH_Sold=1&_udlo=&_udhi=&_samilow=&_samihi=&_sop=12&_dmd=1&_ipg=200&LH_Complete=1&_fosrp=1&_nkw=%22Alpine+Silver%22&rt=nc&LH_PrefLoc=2,35,1
Oxeoschistus euriphyle,False,https://www.ebay.com/sch/i.html?_sacat=0&LH_Sold=1&_udlo=&_udhi=&_samilow=&_samihi=&_sop=12&_dmd=1&_ipg=200&LH_Complete=1&_fosrp=1&_nkw=%22Oxeoschistus+euriphyle%22&rt=nc&LH_PrefLoc=2,0,1
Papilio aristolochiae,True,https://www.ebay.com/sch/i.html?_sacat=0&LH_Sold=1&_udlo=&_udhi=&_samilow=&_samihi=&_sop=12&_dmd=1&_ipg=200&LH_Complete=1&_fosrp=1&_nkw=%22Papilio+aristolochiae%22&rt=nc&LH_PrefLoc=2,2,1
Papilio interpositus,False,https://www.ebay.com/sch/i.html?_sacat=0&LH_Sold=1&_udlo=&_udhi=&_samilow=&_samihi=&_sop=12&_dmd=1&_ipg=200&LH_Complete=1&_fosrp=1&_nkw=%22Papilio+interpositus%22&rt=nc&LH_PrefLoc=2,0,1
Papilio ascanius,False,https://www.ebay.com/sch/i.html?_sacat=0&LH_Sold=1&_udlo=&_udhi=&_samilow=&_samihi=&_sop=12&_dmd=1&_ipg=200&LH_Complete=1&_fosrp=1&_nkw=%22Papilio+ascanius%22&rt=nc&LH_PrefLoc=2,0,1
Papilio hector,False,https://www.ebay.com/sch/i.html?_sacat=0&LH_Sold=1&_udlo=&_udhi=&_samilow=&_samihi=&_sop=12&_dmd=1&_ipg=200&LH_Complete=1&_fosrp=1&_nkw=%22Papilio+hector%22&rt=nc&LH_PrefLoc=2,0,1
Albulina metallica,False,https://www.ebay.com/sch/i.html?_sacat=0&LH_Sold=1&_udlo=&_udhi=&_samilow=&_samihi=&_sop=12&_dmd=1&_ipg=200&LH_Complete=1&_fosrp=1&_nkw=%22Albulina+metallica%22&rt=nc&LH_PrefLoc=2,0,1
Pandora regina,False,https://www.ebay.com/sch/i.html?_sacat=0&LH_Sold=1&_udlo=&_udhi=&_samilow=&_samihi=&_sop=12&_dmd=1&_ipg=200&LH_Complete=1&_fosrp=1&_nkw=%22Pandora+regina%22&rt=nc&LH_PrefLoc=2,0,1
Papilio battus,True,https://www.ebay.com/sch/i.html?_sacat=0&LH_Sold=1&_udlo=&_udhi=&_samilow=&_samihi=&_sop=12&_dmd=1&_ipg=200&LH_Complete=1&_fosrp=1&_nkw=%22Papilio+battus%22&rt=nc&LH_PrefLoc=2,5,1
Orange Aeroplane,True,https://www.ebay.com/sch/i.html?_sacat=0&LH_Sold=1&_udlo=&_udhi=&_samilow=&_samihi=&_sop=12&_dmd=1&_ipg=200&LH_Complete=1&_fosrp=1&_nkw=%22Orange+Aeroplane%22&rt=nc&LH_PrefLoc=2,1,1
Neptis paraka,False,https://www.ebay.com/sch/i.html?_sacat=0&LH_Sold=1&_udlo=&_udhi=&_samilow=&_samihi=&_sop=12&_dmd=1&_ipg=200&LH_Complete=1&_fosrp=1&_nkw=%22Neptis+paraka%22&rt=nc&LH_PrefLoc=2,0,1
Chilasa agestor,True,https://www.ebay.com/sch/i.html?_sacat=0&LH_Sold=1&_udlo=&_udhi=&_samilow=&_samihi=&_sop=12&_dmd=1&_ipg=200&LH_Complete=1&_fosrp=1&_nkw=%22Chilasa+agestor%22&rt=nc&LH_PrefLoc=2,1,1
Papilo antimachus,False,https://www.ebay.com/sch/i.html?_sacat=0&LH_Sold=1&_udlo=&_udhi=&_samilow=&_samihi=&_sop=12&_dmd=1&_ipg=200&LH_Complete=1&_fosrp=1&_nkw=%22Papilo+antimachus%22&rt=nc&LH_PrefLoc=2,0,1
Papilio okinawensis,True,https://www.ebay.com/sch/i.html?_sacat=0&LH_Sold=1&_udlo=&_udhi=&_samilow=&_samihi=&_sop=12&_dmd=1&_ipg=200&LH_Complete=1&_fosrp=1&_nkw=%22Papilio+okinawensis%22&rt=nc&LH_PrefLoc=2,1,1
Papilio polyctor,True,https://www.ebay.com/sch/i.html?_sacat=0&LH_Sold=1&_udlo=&_udhi=&_samilow=&_samihi=&_sop=12&_dmd=1&_ipg=200&LH_Complete=1&_fosrp=1&_nkw=%22Papilio+polyctor%22&rt=nc&LH_PrefLoc=2,14,1
Papilio stockleyi,False,https://www.ebay.com/sch/i.html?_sacat=0&LH_Sold=1&_udlo=&_udhi=&_samilow=&_samihi=&_sop=12&_dmd=1&_ipg=200&LH_Complete=1&_fosrp=1&_nkw=%22Papilio+stockleyi%22&rt=nc&LH_PrefLoc=2,0,1
Rhus succedanea,False,https://www.ebay.com/sch/i.html?_sacat=0&LH_Sold=1&_udlo=&_udhi=&_samilow=&_samihi=&_sop=12&_dmd=1&_ipg=200&LH_Complete=1&_fosrp=1&_nkw=%22Rhus+succedanea%22&rt=nc&LH_PrefLoc=2,0,1
Phellodendron amurense,True,https://www.ebay.com/sch/i.html?_sacat=0&LH_Sold=1&_udlo=&_udhi=&_samilow=&_samihi=&_sop=12&_dmd=1&_ipg=200&LH_Complete=1&_fosrp=1&_nkw=%22Phellodendron+amurense%22&rt=nc&LH_PrefLoc=2,7,1
Papilio hermeli,True,https://www.ebay.com/sch/i.html?_sacat=0&LH_Sold=1&_udlo=&_udhi=&_samilow=&_samihi=&_sop=12&_dmd=1&_ipg=200&LH_Complete=1&_fosrp=1&_nkw=%22Papilio+hermeli%22&rt=nc&LH_PrefLoc=2,4,1
Papilio palephates,False,https://www.ebay.com/sch/i.html?_sacat=0&LH_Sold=1&_udlo=&_udhi=&_samilow=&_samihi=&_sop=12&_dmd=1&_ipg=200&LH_Complete=1&_fosrp=1&_nkw=%22Papilio+palephates%22&rt=nc&LH_PrefLoc=2,0,1
Chilasa clytia,True,https://www.ebay.com/sch/i.html?_sacat=0&LH_Sold=1&_udlo=&_udhi=&_samilow=&_samihi=&_sop=12&_dmd=1&_ipg=200&LH_Complete=1&_fosrp=1&_nkw=%22Chilasa+clytia%22&rt=nc&LH_PrefLoc=2,9,1
Litsea glutinosa,True,https://www.ebay.com/sch/i.html?_sacat=0&LH_Sold=1&_udlo=&_udhi=&_samilow=&_samihi=&_sop=12&_dmd=1&_ipg=200&LH_Complete=1&_fosrp=1&_nkw=%22Litsea+glutinosa%22&rt=nc&LH_PrefLoc=2,3,1
Papilio boisduvallianus,False,https://www.ebay.com/sch/i.html?_sacat=0&LH_Sold=1&_udlo=&_udhi=&_samilow=&_samihi=&_sop=12&_dmd=1&_ipg=200&LH_Complete=1&_fosrp=1&_nkw=%22Papilio+boisduvallianus%22&rt=nc&LH_PrefLoc=2,0,2
Papilio meriones,True,https://www.ebay.com/sch/i.html?_sacat=0&LH_Sold=1&_udlo=&_udhi=&_samilow=&_samihi=&_sop=12&_dmd=1&_ipg=200&LH_Complete=1&_fosrp=1&_nkw=%22Papilio+meriones%22&rt=nc&LH_PrefLoc=2,2,1
Papilio dardanus-cenea,False,https://www.ebay.com/sch/i.html?_sacat=0&LH_Sold=1&_udlo=&_udhi=&_samilow=&_samihi=&_sop=12&_dmd=1&_ipg=200&LH_Complete=1&_fosrp=1&_nkw=%22Papilio+dardanus-cenea%22&rt=nc&LH_PrefLoc=2,0,1
Papilio dardanus-meriones,True,https://www.ebay.com/sch/i.html?_sacat=0&LH_Sold=1&_udlo=&_udhi=&_samilow=&_samihi=&_sop=12&_dmd=1&_ipg=200&LH_Complete=1&_fosrp=1&_nkw=%22Papilio+dardanus-meriones%22&rt=nc&LH_PrefLoc=2,2,1
Papilio rumanzovia,True,https://www.ebay.com/sch/i.html?_sacat=0&LH_Sold=1&_udlo=&_udhi=&_samilow=&_samihi=&_sop=12&_dmd=1&_ipg=200&LH_Complete=1&_fosrp=1&_nkw=%22Papilio+rumanzovia%22&rt=nc&LH_PrefLoc=2,41,1
Papilio lalandei,False,https://www.ebay.com/sch/i.html?_sacat=0&LH_Sold=1&_udlo=&_udhi=&_samilow=&_samihi=&_sop=12&_dmd=1&_ipg=200&LH_Complete=1&_fosrp=1&_nkw=%22Papilio+lalandei%22&rt=nc&LH_PrefLoc=2,0,1
Papilio epius,False,https://www.ebay.com/sch/i.html?_sacat=0&LH_Sold=1&_udlo=&_udhi=&_samilow=&_samihi=&_sop=12&_dmd=1&_ipg=200&LH_Complete=1&_fosrp=1&_nkw=%22Papilio+epius%22&rt=nc&LH_PrefLoc=2,0,1
Clausena excavata,False,https://www.ebay.com/sch/i.html?_sacat=0&LH_Sold=1&_udlo=&_udhi=&_samilow=&_samihi=&_sop=12&_dmd=1&_ipg=200&LH_Complete=1&_fosrp=1&_nkw=%22Clausena+excavata%22&rt=nc&LH_PrefLoc=2,0,1
Glycosmis pentaphylla,True,https://www.ebay.com/sch/i.html?_sacat=0&LH_Sold=1&_udlo=&_udhi=&_samilow=&_samihi=&_sop=12&_dmd=1&_ipg=200&LH_Complete=1&_fosrp=1&_nkw=%22Glycosmis+pentaphylla%22&rt=nc&LH_PrefLoc=2,1,1
Ziziphus jujuba,True,https://www.ebay.com/sch/i.html?_sacat=0&LH_Sold=1&_udlo=&_udhi=&_samilow=&_samihi=&_sop=12&_dmd=1&_ipg=200&LH_Complete=1&_fosrp=1&_nkw=%22Ziziphus+jujuba%22&rt=nc&LH_PrefLoc=2,23,1
Rhus verniciflua,False,https://www.ebay.com/sch/i.html?_sacat=0&LH_Sold=1&_udlo=&_udhi=&_samilow=&_samihi=&_sop=12&_dmd=1&_ipg=200&LH_Complete=1&_fosrp=1&_nkw=%22Rhus+verniciflua%22&rt=nc&LH_PrefLoc=2,0,1
Papilio ansorgei,False,https://www.ebay.com/sch/i.html?_sacat=0&LH_Sold=1&_udlo=&_udhi=&_samilow=&_samihi=&_sop=12&_dmd=1&_ipg=200&LH_Complete=1&_fosrp=1&_nkw=%22Papilio+ansorgei%22&rt=nc&LH_PrefLoc=2,0,1
Papilio phorcas,True,https://www.ebay.com/sch/i.html?_sacat=0&LH_Sold=1&_udlo=&_udhi=&_samilow=&_samihi=&_sop=12&_dmd=1&_ipg=200&LH_Complete=1&_fosrp=1&_nkw=%22Papilio+phorcas%22&rt=nc&LH_PrefLoc=2,20,1
Papilio zoroastres,True,https://www.ebay.com/sch/i.html?_sacat=0&LH_Sold=1&_udlo=&_udhi=&_samilow=&_samihi=&_sop=12&_dmd=1&_ipg=200&LH_Complete=1&_fosrp=1&_nkw=%22Papilio+zoroastres%22&rt=nc&LH_PrefLoc=2,2,1
Chilasa epycides,True,https://www.ebay.com/sch/i.html?_sacat=0&LH_Sold=1&_udlo=&_udhi=&_samilow=&_samihi=&_sop=12&_dmd=1&_ipg=200&LH_Complete=1&_fosrp=1&_nkw=%22Chilasa+epycides%22&rt=nc&LH_PrefLoc=2,2,1
Litsea cubeba,True,https://www.ebay.com/sch/i.html?_sacat=0&LH_Sold=1&_udlo=&_udhi=&_samilow=&_samihi=&_sop=12&_dmd=1&_ipg=200&LH_Complete=1&_fosrp=1&_nkw=%22Litsea+cubeba%22&rt=nc&LH_PrefLoc=2,73,1
Cinnamomum camphora,True,https://www.ebay.com/sch/i.html?_sacat=0&LH_Sold=1&_udlo=&_udhi=&_samilow=&_samihi=&_sop=12&_dmd=1&_ipg=200&LH_Complete=1&_fosrp=1&_nkw=%22Cinnamomum+camphora%22&rt=nc&LH_PrefLoc=2,39,2
Papilio canopus,True,https://www.ebay.com/sch/i.html?_sacat=0&LH_Sold=1&_udlo=&_udhi=&_samilow=&_samihi=&_sop=12&_dmd=1&_ipg=200&LH_Complete=1&_fosrp=1&_nkw=%22Papilio+canopus%22&rt=nc&LH_PrefLoc=2,3,1
Papilio hoppo,True,https://www.ebay.com/sch/i.html?_sacat=0&LH_Sold=1&_udlo=&_udhi=&_samilow=&_samihi=&_sop=12&_dmd=1&_ipg=200&LH_Complete=1&_fosrp=1&_nkw=%22Papilio+hoppo%22&rt=nc&LH_PrefLoc=2,13,1
Papilio leucotaenia,False,https://www.ebay.com/sch/i.html?_sacat=0&LH_Sold=1&_udlo=&_udhi=&_samilow=&_samihi=&_sop=12&_dmd=1&_ipg=200&LH_Complete=1&_fosrp=1&_nkw=%22Papilio+leucotaenia%22&rt=nc&LH_PrefLoc=2,0,2
Papilio syfanius,True,https://www.ebay.com/sch/i.html?_sacat=0&LH_Sold=1&_udlo=&_udhi=&_samilow=&_samihi=&_sop=12&_dmd=1&_ipg=200&LH_Complete=1&_fosrp=1&_nkw=%22Papilio+syfanius%22&rt=nc&LH_PrefLoc=2,11,1
Achillides maackii,False,https://www.ebay.com/sch/i.html?_sacat=0&LH_Sold=1&_udlo=&_udhi=&_samilow=&_samihi=&_sop=12&_dmd=1&_ipg=200&LH_Complete=1&_fosrp=1&_nkw=%22Achillides+maackii%22&rt=nc&LH_PrefLoc=2,0,1
Papilio maacki,True,https://www.ebay.com/sch/i.html?_sacat=0&LH_Sold=1&_udlo=&_udhi=&_samilow=&_samihi=&_sop=12&_dmd=1&_ipg=200&LH_Complete=1&_fosrp=1&_nkw=%22Papilio+maacki%22&rt=nc&LH_PrefLoc=2,6,1
Papilio hippocrates,True,https://www.ebay.com/sch/i.html?_sacat=0&LH_Sold=1&_udlo=&_udhi=&_samilow=&_samihi=&_sop=12&_dmd=1&_ipg=200&LH_Complete=1&_fosrp=1&_nkw=%22Papilio+hippocrates%22&rt=nc&LH_PrefLoc=2,5,1
Heracleum lanatum,True,https://www.ebay.com/sch/i.html?_sacat=0&LH_Sold=1&_udlo=&_udhi=&_samilow=&_samihi=&_sop=12&_dmd=1&_ipg=200&LH_Complete=1&_fosrp=1&_nkw=%22Heracleum+lanatum%22&rt=nc&LH_PrefLoc=2,1,1
Papilio oregonius,True,https://www.ebay.com/sch/i.html?_sacat=0&LH_Sold=1&_udlo=&_udhi=&_samilow=&_samihi=&_sop=12&_dmd=1&_ipg=200&LH_Complete=1&_fosrp=1&_nkw=%22Papilio+oregonius%22&rt=nc&LH_PrefLoc=2,4,1
Daucus carota,True,https://www.ebay.com/sch/i.html?_sacat=0&LH_Sold=1&_udlo=&_udhi=&_samilow=&_samihi=&_sop=12&_dmd=1&_ipg=200&LH_Complete=1&_fosrp=1&_nkw=%22Daucus+carota%22&rt=nc&LH_PrefLoc=2,30,1
Ruta graveolens,True,https://www.ebay.com/sch/i.html?_sacat=0&LH_Sold=1&_udlo=&_udhi=&_samilow=&_samihi=&_sop=12&_dmd=1&_ipg=200&LH_Complete=1&_fosrp=1&_nkw=%22Ruta+graveolens%22&rt=nc&LH_PrefLoc=2,103,1
Ruta chalepensis,True,https://www.ebay.com/sch/i.html?_sacat=0&LH_Sold=1&_udlo=&_udhi=&_samilow=&_samihi=&_sop=12&_dmd=1&_ipg=200&LH_Complete=1&_fosrp=1&_nkw=%22Ruta+chalepensis%22&rt=nc&LH_PrefLoc=2,1,1
Foeniculum vulgare,True,https://www.ebay.com/sch/i.html?_sacat=0&LH_Sold=1&_udlo=&_udhi=&_samilow=&_samihi=&_sop=12&_dmd=1&_ipg=200&LH_Complete=1&_fosrp=1&_nkw=%22Foeniculum+vulgare%22&rt=nc&LH_PrefLoc=2,32,1
Ferula communis,True,https://www.ebay.com/sch/i.html?_sacat=0&LH_Sold=1&_udlo=&_udhi=&_samilow=&_samihi=&_sop=12&_dmd=1&_ipg=200&LH_Complete=1&_fosrp=1&_nkw=%22Ferula+communis%22&rt=nc&LH_PrefLoc=2,1,1
Zizia aptera,False,https://www.ebay.com/sch/i.html?_sacat=0&LH_Sold=1&_udlo=&_udhi=&_samilow=&_samihi=&_sop=12&_dmd=1&_ipg=200&LH_Complete=1&_fosrp=1&_nkw=%22Zizia+aptera%22&rt=nc&LH_PrefLoc=2,0,1
Apium graveolens,True,https://www.ebay.com/sch/i.html?_sacat=0&LH_Sold=1&_udlo=&_udhi=&_samilow=&_samihi=&_sop=12&_dmd=1&_ipg=200&LH_Complete=1&_fosrp=1&_nkw=%22Apium+graveolens%22&rt=nc&LH_PrefLoc=2,27,1
Coriandrum sativum,True,https://www.ebay.com/sch/i.html?_sacat=0&LH_Sold=1&_udlo=&_udhi=&_samilow=&_samihi=&_sop=12&_dmd=1&_ipg=200&LH_Complete=1&_fosrp=1&_nkw=%22Coriandrum+sativum%22&rt=nc&LH_PrefLoc=2,28,1
Cryptotaenia canadensis,False,https://www.ebay.com/sch/i.html?_sacat=0&LH_Sold=1&_udlo=&_udhi=&_samilow=&_samihi=&_sop=12&_dmd=1&_ipg=200&LH_Complete=1&_fosrp=1&_nkw=%22Cryptotaenia+canadensis%22&rt=nc&LH_PrefLoc=2,0,1
Papilio manlius,False,https://www.ebay.com/sch/i.html?_sacat=0&LH_Sold=1&_udlo=&_udhi=&_samilow=&_samihi=&_sop=12&_dmd=1&_ipg=200&LH_Complete=1&_fosrp=1&_nkw=%22Papilio+manlius%22&rt=nc&LH_PrefLoc=2,0,1
Papilio lowii,True,https://www.ebay.com/sch/i.html?_sacat=0&LH_Sold=1&_udlo=&_udhi=&_samilow=&_samihi=&_sop=12&_dmd=1&_ipg=200&LH_Complete=1&_fosrp=1&_nkw=%22Papilio+lowii%22&rt=nc&LH_PrefLoc=2,7,1
Papilio alphenor,True,https://www.ebay.com/sch/i.html?_sacat=0&LH_Sold=1&_udlo=&_udhi=&_samilow=&_samihi=&_sop=12&_dmd=1&_ipg=200&LH_Complete=1&_fosrp=1&_nkw=%22Papilio+alphenor%22&rt=nc&LH_PrefLoc=2,3,1
Papilio lowi,True,https://www.ebay.com/sch/i.html?_sacat=0&LH_Sold=1&_udlo=&_udhi=&_samilow=&_samihi=&_sop=12&_dmd=1&_ipg=200&LH_Complete=1&_fosrp=1&_nkw=%22Papilio+lowi%22&rt=nc&LH_PrefLoc=2,11,1
Poncirus trifoliata,True,https://www.ebay.com/sch/i.html?_sacat=0&LH_Sold=1&_udlo=&_udhi=&_samilow=&_samihi=&_sop=12&_dmd=1&_ipg=200&LH_Complete=1&_fosrp=1&_nkw=%22Poncirus+trifoliata%22&rt=nc&LH_PrefLoc=2,17,1
Chilasa moerneri,False,https://www.ebay.com/sch/i.html?_sacat=0&LH_Sold=1&_udlo=&_udhi=&_samilow=&_samihi=&_sop=12&_dmd=1&_ipg=200&LH_Complete=1&_fosrp=1&_nkw=%22Chilasa+moerneri%22&rt=nc&LH_PrefLoc=2,0,1
Papilio chaon,False,https://www.ebay.com/sch/i.html?_sacat=0&LH_Sold=1&_udlo=&_udhi=&_samilow=&_samihi=&_sop=12&_dmd=1&_ipg=200&LH_Complete=1&_fosrp=1&_nkw=%22Papilio+chaon%22&rt=nc&LH_PrefLoc=2,0,1
Achillides palinurus,True,https://www.ebay.com/sch/i.html?_sacat=0&LH_Sold=1&_udlo=&_udhi=&_samilow=&_samihi=&_sop=12&_dmd=1&_ipg=200&LH_Complete=1&_fosrp=1&_nkw=%22Achillides+palinurus%22&rt=nc&LH_PrefLoc=2,4,1
Chilasa paradoxa,True,https://www.ebay.com/sch/i.html?_sacat=0&LH_Sold=1&_udlo=&_udhi=&_samilow=&_samihi=&_sop=12&_dmd=1&_ipg=200&LH_Complete=1&_fosrp=1&_nkw=%22Chilasa+paradoxa%22&rt=nc&LH_PrefLoc=2,8,1
Papilio tamilana,True,https://www.ebay.com/sch/i.html?_sacat=0&LH_Sold=1&_udlo=&_udhi=&_samilow=&_samihi=&_sop=12&_dmd=1&_ipg=200&LH_Complete=1&_fosrp=1&_nkw=%22Papilio+tamilana%22&rt=nc&LH_PrefLoc=2,1,1
Papilio adamantius,True,https://www.ebay.com/sch/i.html?_sacat=0&LH_Sold=1&_udlo=&_udhi=&_samilow=&_samihi=&_sop=12&_dmd=1&_ipg=200&LH_Complete=1&_fosrp=1&_nkw=%22Papilio+adamantius%22&rt=nc&LH_PrefLoc=2,1,1
Zanthoxylum nitidum,False,https://www.ebay.com/sch/i.html?_sacat=0&LH_Sold=1&_udlo=&_udhi=&_samilow=&_samihi=&_sop=12&_dmd=1&_ipg=200&LH_Complete=1&_fosrp=1&_nkw=%22Zanthoxylum+nitidum%22&rt=nc&LH_PrefLoc=2,0,1
Toddalia asiatica,False,https://www.ebay.com/sch/i.html?_sacat=0&LH_Sold=1&_udlo=&_udhi=&_samilow=&_samihi=&_sop=12&_dmd=1&_ipg=200&LH_Complete=1&_fosrp=1&_nkw=%22Toddalia+asiatica%22&rt=nc&LH_PrefLoc=2,0,1
Papilio asterias,False,https://www.ebay.com/sch/i.html?_sacat=0&LH_Sold=1&_udlo=&_udhi=&_samilow=&_samihi=&_sop=12&_dmd=1&_ipg=200&LH_Complete=1&_fosrp=1&_nkw=%22Papilio+asterias%22&rt=nc&LH_PrefLoc=2,0,1
Anethum graveolens,True,https://www.ebay.com/sch/i.html?_sacat=0&LH_Sold=1&_udlo=&_udhi=&_samilow=&_samihi=&_sop=12&_dmd=1&_ipg=200&LH_Complete=1&_fosrp=1&_nkw=%22Anethum+graveolens%22&rt=nc&LH_PrefLoc=2,24,1
Conium maculatum,True,https://www.ebay.com/sch/i.html?_sacat=0&LH_Sold=1&_udlo=&_udhi=&_samilow=&_samihi=&_sop=12&_dmd=1&_ipg=200&LH_Complete=1&_fosrp=1&_nkw=%22Conium+maculatum%22&rt=nc&LH_PrefLoc=2,26,1
Levisticum officinale,True,https://www.ebay.com/sch/i.html?_sacat=0&LH_Sold=1&_udlo=&_udhi=&_samilow=&_samihi=&_sop=12&_dmd=1&_ipg=200&LH_Complete=1&_fosrp=1&_nkw=%22Levisticum+officinale%22&rt=nc&LH_PrefLoc=2,27,1
Berula erecta,False,https://www.ebay.com/sch/i.html?_sacat=0&LH_Sold=1&_udlo=&_udhi=&_samilow=&_samihi=&_sop=12&_dmd=1&_ipg=200&LH_Complete=1&_fosrp=1&_nkw=%22Berula+erecta%22&rt=nc&LH_PrefLoc=2,0,1
Pastinaca sativa,True,https://www.ebay.com/sch/i.html?_sacat=0&LH_Sold=1&_udlo=&_udhi=&_samilow=&_samihi=&_sop=12&_dmd=1&_ipg=200&LH_Complete=1&_fosrp=1&_nkw=%22Pastinaca+sativa%22&rt=nc&LH_PrefLoc=2,3,1
Petroselinum crispum,True,https://www.ebay.com/sch/i.html?_sacat=0&LH_Sold=1&_udlo=&_udhi=&_samilow=&_samihi=&_sop=12&_dmd=1&_ipg=200&LH_Complete=1&_fosrp=1&_nkw=%22Petroselinum+crispum%22&rt=nc&LH_PrefLoc=2,25,1
Ptilimnium capillaceum,False,https://www.ebay.com/sch/i.html?_sacat=0&LH_Sold=1&_udlo=&_udhi=&_samilow=&_samihi=&_sop=12&_dmd=1&_ipg=200&LH_Complete=1&_fosrp=1&_nkw=%22Ptilimnium+capillaceum%22&rt=nc&LH_PrefLoc=2,0,1
Carum carvi,True,https://www.ebay.com/sch/i.html?_sacat=0&LH_Sold=1&_udlo=&_udhi=&_samilow=&_samihi=&_sop=12&_dmd=1&_ipg=200&LH_Complete=1&_fosrp=1&_nkw=%22Carum+carvi%22&rt=nc&LH_PrefLoc=2,18,1
Sium suave,False,https://www.ebay.com/sch/i.html?_sacat=0&LH_Sold=1&_udlo=&_udhi=&_samilow=&_samihi=&_sop=12&_dmd=1&_ipg=200&LH_Complete=1&_fosrp=1&_nkw=%22Sium+suave%22&rt=nc&LH_PrefLoc=2,0,1
Dictamnus albus,True,https://www.ebay.com/sch/i.html?_sacat=0&LH_Sold=1&_udlo=&_udhi=&_samilow=&_samihi=&_sop=12&_dmd=1&_ipg=200&LH_Complete=1&_fosrp=1&_nkw=%22Dictamnus+albus%22&rt=nc&LH_PrefLoc=2,3,1
Zizia aurea,True,https://www.ebay.com/sch/i.html?_sacat=0&LH_Sold=1&_udlo=&_udhi=&_samilow=&_samihi=&_sop=12&_dmd=1&_ipg=200&LH_Complete=1&_fosrp=1&_nkw=%22Zizia+aurea%22&rt=nc&LH_PrefLoc=2,4,1
Papilio sjoestedti,True,https://www.ebay.com/sch/i.html?_sacat=0&LH_Sold=1&_udlo=&_udhi=&_samilow=&_samihi=&_sop=12&_dmd=1&_ipg=200&LH_Complete=1&_fosrp=1&_nkw=%22Papilio+sjoestedti%22&rt=nc&LH_PrefLoc=2,1,1
Chilasa slateri,True,https://www.ebay.com/sch/i.html?_sacat=0&LH_Sold=1&_udlo=&_udhi=&_samilow=&_samihi=&_sop=12&_dmd=1&_ipg=200&LH_Complete=1&_fosrp=1&_nkw=%22Chilasa+slateri%22&rt=nc&LH_PrefLoc=2,2,1
Papilio ulysse,False,https://www.ebay.com/sch/i.html?_sacat=0&LH_Sold=1&_udlo=&_udhi=&_samilow=&_samihi=&_sop=12&_dmd=1&_ipg=200&LH_Complete=1&_fosrp=1&_nkw=%22Papilio+ulysse%22&rt=nc&LH_PrefLoc=2,0,1
Chilasa veiovis,True,https://www.ebay.com/sch/i.html?_sacat=0&LH_Sold=1&_udlo=&_udhi=&_samilow=&_samihi=&_sop=12&_dmd=1&_ipg=200&LH_Complete=1&_fosrp=1&_nkw=%22Chilasa+veiovis%22&rt=nc&LH_PrefLoc=2,3,1
Paralasa helios,False,https://www.ebay.com/sch/i.html?_sacat=0&LH_Sold=1&_udlo=&_udhi=&_samilow=&_samihi=&_sop=12&_dmd=1&_ipg=200&LH_Complete=1&_fosrp=1&_nkw=%22Paralasa+helios%22&rt=nc&LH_PrefLoc=2,0,1
Parantica melanea,False,https://www.ebay.com/sch/i.html?_sacat=0&LH_Sold=1&_udlo=&_udhi=&_samilow=&_samihi=&_sop=12&_dmd=1&_ipg=200&LH_Complete=1&_fosrp=1&_nkw=%22Parantica+melanea%22&rt=nc&LH_PrefLoc=2,0,1
Hoya carnosa,True,https://www.ebay.com/sch/i.html?_sacat=0&LH_Sold=1&_udlo=&_udhi=&_samilow=&_samihi=&_sop=12&_dmd=1&_ipg=200&LH_Complete=1&_fosrp=1&_nkw=%22Hoya+carnosa%22&rt=nc&LH_PrefLoc=2,365,1
Danaus weiskei,False,https://www.ebay.com/sch/i.html?_sacat=0&LH_Sold=1&_udlo=&_udhi=&_samilow=&_samihi=&_sop=12&_dmd=1&_ipg=200&LH_Complete=1&_fosrp=1&_nkw=%22Danaus+weiskei%22&rt=nc&LH_PrefLoc=2,0,1
Papilio aegeria,False,https://www.ebay.com/sch/i.html?_sacat=0&LH_Sold=1&_udlo=&_udhi=&_samilow=&_samihi=&_sop=12&_dmd=1&_ipg=200&LH_Complete=1&_fosrp=1&_nkw=%22Papilio+aegeria%22&rt=nc&LH_PrefLoc=2,0,1
Melica nutans,False,https://www.ebay.com/sch/i.html?_sacat=0&LH_Sold=1&_udlo=&_udhi=&_samilow=&_samihi=&_sop=12&_dmd=1&_ipg=200&LH_Complete=1&_fosrp=1&_nkw=%22Melica+nutans%22&rt=nc&LH_PrefLoc=2,0,1
Limenitis zayla,False,https://www.ebay.com/sch/i.html?_sacat=0&LH_Sold=1&_udlo=&_udhi=&_samilow=&_samihi=&_sop=12&_dmd=1&_ipg=200&LH_Complete=1&_fosrp=1&_nkw=%22Limenitis+zayla%22&rt=nc&LH_PrefLoc=2,0,1
Taygetis albinotata,False,https://www.ebay.com/sch/i.html?_sacat=0&LH_Sold=1&_udlo=&_udhi=&_samilow=&_samihi=&_sop=12&_dmd=1&_ipg=200&LH_Complete=1&_fosrp=1&_nkw=%22Taygetis+albinotata%22&rt=nc&LH_PrefLoc=2,0,1
Valeria valeria,False,https://www.ebay.com/sch/i.html?_sacat=0&LH_Sold=1&_udlo=&_udhi=&_samilow=&_samihi=&_sop=12&_dmd=1&_ipg=200&LH_Complete=1&_fosrp=1&_nkw=%22Valeria+valeria%22&rt=nc&LH_PrefLoc=2,0,1
Papilio childrenae,False,https://www.ebay.com/sch/i.html?_sacat=0&LH_Sold=1&_udlo=&_udhi=&_samilow=&_samihi=&_sop=12&_dmd=1&_ipg=200&LH_Complete=1&_fosrp=1&_nkw=%22Papilio+childrenae%22&rt=nc&LH_PrefLoc=2,0,1
Parides erlaces,False,https://www.ebay.com/sch/i.html?_sacat=0&LH_Sold=1&_udlo=&_udhi=&_samilow=&_samihi=&_sop=12&_dmd=1&_ipg=200&LH_Complete=1&_fosrp=1&_nkw=%22Parides+erlaces%22&rt=nc&LH_PrefLoc=2,0,1
Parides arcas,False,https://www.ebay.com/sch/i.html?_sacat=0&LH_Sold=1&_udlo=&_udhi=&_samilow=&_samihi=&_sop=12&_dmd=1&_ipg=200&LH_Complete=1&_fosrp=1&_nkw=%22Parides+arcas%22&rt=nc&LH_PrefLoc=2,0,1
Papilio lysander,False,https://www.ebay.com/sch/i.html?_sacat=0&LH_Sold=1&_udlo=&_udhi=&_samilow=&_samihi=&_sop=12&_dmd=1&_ipg=200&LH_Complete=1&_fosrp=1&_nkw=%22Papilio+lysander%22&rt=nc&LH_PrefLoc=2,0,1
Papilio sesostris,False,https://www.ebay.com/sch/i.html?_sacat=0&LH_Sold=1&_udlo=&_udhi=&_samilow=&_samihi=&_sop=12&_dmd=1&_ipg=200&LH_Complete=1&_fosrp=1&_nkw=%22Papilio+sesostris%22&rt=nc&LH_PrefLoc=2,0,1
Parnassius jacquemonti,True,https://www.ebay.com/sch/i.html?_sacat=0&LH_Sold=1&_udlo=&_udhi=&_samilow=&_samihi=&_sop=12&_dmd=1&_ipg=200&LH_Complete=1&_fosrp=1&_nkw=%22Parnassius+jacquemonti%22&rt=nc&LH_PrefLoc=2,1,1
Parnassius tianschanicus,True,https://www.ebay.com/sch/i.html?_sacat=0&LH_Sold=1&_udlo=&_udhi=&_samilow=&_samihi=&_sop=12&_dmd=1&_ipg=200&LH_Complete=1&_fosrp=1&_nkw=%22Parnassius+tianschanicus%22&rt=nc&LH_PrefLoc=2,20,1
Parnassius alpherakyi,False,https://www.ebay.com/sch/i.html?_sacat=0&LH_Sold=1&_udlo=&_udhi=&_samilow=&_samihi=&_sop=12&_dmd=1&_ipg=200&LH_Complete=1&_fosrp=1&_nkw=%22Parnassius+alpherakyi%22&rt=nc&LH_PrefLoc=2,0,1
Parnassius moscovitus,False,https://www.ebay.com/sch/i.html?_sacat=0&LH_Sold=1&_udlo=&_udhi=&_samilow=&_samihi=&_sop=12&_dmd=1&_ipg=200&LH_Complete=1&_fosrp=1&_nkw=%22Parnassius+moscovitus%22&rt=nc&LH_PrefLoc=2,0,1
Parnassius escalerae,False,https://www.ebay.com/sch/i.html?_sacat=0&LH_Sold=1&_udlo=&_udhi=&_samilow=&_samihi=&_sop=12&_dmd=1&_ipg=200&LH_Complete=1&_fosrp=1&_nkw=%22Parnassius+escalerae%22&rt=nc&LH_PrefLoc=2,0,1
Parnassius hispanicus,False,https://www.ebay.com/sch/i.html?_sacat=0&LH_Sold=1&_udlo=&_udhi=&_samilow=&_samihi=&_sop=12&_dmd=1&_ipg=200&LH_Complete=1&_fosrp=1&_nkw=%22Parnassius+hispanicus%22&rt=nc&LH_PrefLoc=2,0,1
Parnassius hermiston,False,https://www.ebay.com/sch/i.html?_sacat=0&LH_Sold=1&_udlo=&_udhi=&_samilow=&_samihi=&_sop=12&_dmd=1&_ipg=200&LH_Complete=1&_fosrp=1&_nkw=%22Parnassius+hermiston%22&rt=nc&LH_PrefLoc=2,0,1
Parnassius limicola,True,https://www.ebay.com/sch/i.html?_sacat=0&LH_Sold=1&_udlo=&_udhi=&_samilow=&_samihi=&_sop=12&_dmd=1&_ipg=200&LH_Complete=1&_fosrp=1&_nkw=%22Parnassius+limicola%22&rt=nc&LH_PrefLoc=2,3,1
Parnassius asturiensis,False,https://www.ebay.com/sch/i.html?_sacat=0&LH_Sold=1&_udlo=&_udhi=&_samilow=&_samihi=&_sop=12&_dmd=1&_ipg=200&LH_Complete=1&_fosrp=1&_nkw=%22Parnassius+asturiensis%22&rt=nc&LH_PrefLoc=2,0,1
Parnassius laufferi,False,https://www.ebay.com/sch/i.html?_sacat=0&LH_Sold=1&_udlo=&_udhi=&_samilow=&_samihi=&_sop=12&_dmd=1&_ipg=200&LH_Complete=1&_fosrp=1&_nkw=%22Parnassius+laufferi%22&rt=nc&LH_PrefLoc=2,0,1
Parnassius wiskotti,True,https://www.ebay.com/sch/i.html?_sacat=0&LH_Sold=1&_udlo=&_udhi=&_samilow=&_samihi=&_sop=12&_dmd=1&_ipg=200&LH_Complete=1&_fosrp=1&_nkw=%22Parnassius+wiskotti%22&rt=nc&LH_PrefLoc=2,6,1
Parnassius agyllus,False,https://www.ebay.com/sch/i.html?_sacat=0&LH_Sold=1&_udlo=&_udhi=&_samilow=&_samihi=&_sop=12&_dmd=1&_ipg=200&LH_Complete=1&_fosrp=1&_nkw=%22Parnassius+agyllus%22&rt=nc&LH_PrefLoc=2,0,1
Parnassius transitoria,False,https://www.ebay.com/sch/i.html?_sacat=0&LH_Sold=1&_udlo=&_udhi=&_samilow=&_samihi=&_sop=12&_dmd=1&_ipg=200&LH_Complete=1&_fosrp=1&_nkw=%22Parnassius+transitoria%22&rt=nc&LH_PrefLoc=2,0,1
Parnassius sotirion,False,https://www.ebay.com/sch/i.html?_sacat=0&LH_Sold=1&_udlo=&_udhi=&_samilow=&_samihi=&_sop=12&_dmd=1&_ipg=200&LH_Complete=1&_fosrp=1&_nkw=%22Parnassius+sotirion%22&rt=nc&LH_PrefLoc=2,0,1
Parnassius siciliae,False,https://www.ebay.com/sch/i.html?_sacat=0&LH_Sold=1&_udlo=&_udhi=&_samilow=&_samihi=&_sop=12&_dmd=1&_ipg=200&LH_Complete=1&_fosrp=1&_nkw=%22Parnassius+siciliae%22&rt=nc&LH_PrefLoc=2,0,1
Parnassius debilis,False,https://www.ebay.com/sch/i.html?_sacat=0&LH_Sold=1&_udlo=&_udhi=&_samilow=&_samihi=&_sop=12&_dmd=1&_ipg=200&LH_Complete=1&_fosrp=1&_nkw=%22Parnassius+debilis%22&rt=nc&LH_PrefLoc=2,0,1
Parnassius glacialis,True,https://www.ebay.com/sch/i.html?_sacat=0&LH_Sold=1&_udlo=&_udhi=&_samilow=&_samihi=&_sop=12&_dmd=1&_ipg=200&LH_Complete=1&_fosrp=1&_nkw=%22Parnassius+glacialis%22&rt=nc&LH_PrefLoc=2,21,1
Parnassius stubbendorfi,True,https://www.ebay.com/sch/i.html?_sacat=0&LH_Sold=1&_udlo=&_udhi=&_samilow=&_samihi=&_sop=12&_dmd=1&_ipg=200&LH_Complete=1&_fosrp=1&_nkw=%22Parnassius+stubbendorfi%22&rt=nc&LH_PrefLoc=2,1,1
Parnassius maximinus,True,https://www.ebay.com/sch/i.html?_sacat=0&LH_Sold=1&_udlo=&_udhi=&_samilow=&_samihi=&_sop=12&_dmd=1&_ipg=200&LH_Complete=1&_fosrp=1&_nkw=%22Parnassius+maximinus%22&rt=nc&LH_PrefLoc=2,4,1
Koramius maximinus,False,https://www.ebay.com/sch/i.html?_sacat=0&LH_Sold=1&_udlo=&_udhi=&_samilow=&_samihi=&_sop=12&_dmd=1&_ipg=200&LH_Complete=1&_fosrp=1&_nkw=%22Koramius+maximinus%22&rt=nc&LH_PrefLoc=2,0,1
Parnassius everesti,False,https://www.ebay.com/sch/i.html?_sacat=0&LH_Sold=1&_udlo=&_udhi=&_samilow=&_samihi=&_sop=12&_dmd=1&_ipg=200&LH_Complete=1&_fosrp=1&_nkw=%22Parnassius+everesti%22&rt=nc&LH_PrefLoc=2,0,1
Parnassius felderi,True,https://www.ebay.com/sch/i.html?_sacat=0&LH_Sold=1&_udlo=&_udhi=&_samilow=&_samihi=&_sop=12&_dmd=1&_ipg=200&LH_Complete=1&_fosrp=1&_nkw=%22Parnassius+felderi%22&rt=nc&LH_PrefLoc=2,1,1
Parnassius maui,True,https://www.ebay.com/sch/i.html?_sacat=0&LH_Sold=1&_udlo=&_udhi=&_samilow=&_samihi=&_sop=12&_dmd=1&_ipg=200&LH_Complete=1&_fosrp=1&_nkw=%22Parnassius+maui%22&rt=nc&LH_PrefLoc=2,2,1
Parnassius hannyngtoni,False,https://www.ebay.com/sch/i.html?_sacat=0&LH_Sold=1&_udlo=&_udhi=&_samilow=&_samihi=&_sop=12&_dmd=1&_ipg=200&LH_Complete=1&_fosrp=1&_nkw=%22Parnassius+hannyngtoni%22&rt=nc&LH_PrefLoc=2,0,1
Parnassius actinoboloides,False,https://www.ebay.com/sch/i.html?_sacat=0&LH_Sold=1&_udlo=&_udhi=&_samilow=&_samihi=&_sop=12&_dmd=1&_ipg=200&LH_Complete=1&_fosrp=1&_nkw=%22Parnassius+actinoboloides%22&rt=nc&LH_PrefLoc=2,0,1
Parnassius mercurius,False,https://www.ebay.com/sch/i.html?_sacat=0&LH_Sold=1&_udlo=&_udhi=&_samilow=&_samihi=&_sop=12&_dmd=1&_ipg=200&LH_Complete=1&_fosrp=1&_nkw=%22Parnassius+mercurius%22&rt=nc&LH_PrefLoc=2,0,1
Parnassius nebrodensis,False,https://www.ebay.com/sch/i.html?_sacat=0&LH_Sold=1&_udlo=&_udhi=&_samilow=&_samihi=&_sop=12&_dmd=1&_ipg=200&LH_Complete=1&_fosrp=1&_nkw=%22Parnassius+nebrodensis%22&rt=nc&LH_PrefLoc=2,0,1
Parnassius guccinii,True,https://www.ebay.com/sch/i.html?_sacat=0&LH_Sold=1&_udlo=&_udhi=&_samilow=&_samihi=&_sop=12&_dmd=1&_ipg=200&LH_Complete=1&_fosrp=1&_nkw=%22Parnassius+guccinii%22&rt=nc&LH_PrefLoc=2,2,1
Papilio mnemosyne,False,https://www.ebay.com/sch/i.html?_sacat=0&LH_Sold=1&_udlo=&_udhi=&_samilow=&_samihi=&_sop=12&_dmd=1&_ipg=200&LH_Complete=1&_fosrp=1&_nkw=%22Papilio+mnemosyne%22&rt=nc&LH_PrefLoc=2,0,1
Parnassius andreji,False,https://www.ebay.com/sch/i.html?_sacat=0&LH_Sold=1&_udlo=&_udhi=&_samilow=&_samihi=&_sop=12&_dmd=1&_ipg=200&LH_Complete=1&_fosrp=1&_nkw=%22Parnassius+andreji%22&rt=nc&LH_PrefLoc=2,0,1
Parnassius cardinal,True,https://www.ebay.com/sch/i.html?_sacat=0&LH_Sold=1&_udlo=&_udhi=&_samilow=&_samihi=&_sop=12&_dmd=1&_ipg=200&LH_Complete=1&_fosrp=1&_nkw=%22Parnassius+cardinal%22&rt=nc&LH_PrefLoc=2,10,1
Parnassius hunza,True,https://www.ebay.com/sch/i.html?_sacat=0&LH_Sold=1&_udlo=&_udhi=&_samilow=&_samihi=&_sop=12&_dmd=1&_ipg=200&LH_Complete=1&_fosrp=1&_nkw=%22Parnassius+hunza%22&rt=nc&LH_PrefLoc=2,2,1
Parnassius infernalis,False,https://www.ebay.com/sch/i.html?_sacat=0&LH_Sold=1&_udlo=&_udhi=&_samilow=&_samihi=&_sop=12&_dmd=1&_ipg=200&LH_Complete=1&_fosrp=1&_nkw=%22Parnassius+infernalis%22&rt=nc&LH_PrefLoc=2,0,1
Parnassius jacobsoni,True,https://www.ebay.com/sch/i.html?_sacat=0&LH_Sold=1&_udlo=&_udhi=&_samilow=&_samihi=&_sop=12&_dmd=1&_ipg=200&LH_Complete=1&_fosrp=1&_nkw=%22Parnassius+jacobsoni%22&rt=nc&LH_PrefLoc=2,1,2
Parnassius ruth,False,https://www.ebay.com/sch/i.html?_sacat=0&LH_Sold=1&_udlo=&_udhi=&_samilow=&_samihi=&_sop=12&_dmd=1&_ipg=200&LH_Complete=1&_fosrp=1&_nkw=%22Parnassius+ruth%22&rt=nc&LH_PrefLoc=2,0,1
Parnassius hoenei,False,https://www.ebay.com/sch/i.html?_sacat=0&LH_Sold=1&_udlo=&_udhi=&_samilow=&_samihi=&_sop=12&_dmd=1&_ipg=200&LH_Complete=1&_fosrp=1&_nkw=%22Parnassius+hoenei%22&rt=nc&LH_PrefLoc=2,0,1
Nymphalis sylla,False,https://www.ebay.com/sch/i.html?_sacat=0&LH_Sold=1&_udlo=&_udhi=&_samilow=&_samihi=&_sop=12&_dmd=1&_ipg=200&LH_Complete=1&_fosrp=1&_nkw=%22Nymphalis+sylla%22&rt=nc&LH_PrefLoc=2,0,1
Calospila emylius,True,https://www.ebay.com/sch/i.html?_sacat=0&LH_Sold=1&_udlo=&_udhi=&_samilow=&_samihi=&_sop=12&_dmd=1&_ipg=200&LH_Complete=1&_fosrp=1&_nkw=%22Calospila+emylius%22&rt=nc&LH_PrefLoc=2,2,1
Albulina younghusbandi,False,https://www.ebay.com/sch/i.html?_sacat=0&LH_Sold=1&_udlo=&_udhi=&_samilow=&_samihi=&_sop=12&_dmd=1&_ipg=200&LH_Complete=1&_fosrp=1&_nkw=%22Albulina+younghusbandi%22&rt=nc&LH_PrefLoc=2,0,1
Paulogramma peristera,True,https://www.ebay.com/sch/i.html?_sacat=0&LH_Sold=1&_udlo=&_udhi=&_samilow=&_samihi=&_sop=12&_dmd=1&_ipg=200&LH_Complete=1&_fosrp=1&_nkw=%22Paulogramma+peristera%22&rt=nc&LH_PrefLoc=2,1,1
Imperata cylindrica,True,https://www.ebay.com/sch/i.html?_sacat=0&LH_Sold=1&_udlo=&_udhi=&_samilow=&_samihi=&_sop=12&_dmd=1&_ipg=200&LH_Complete=1&_fosrp=1&_nkw=%22Imperata+cylindrica%22&rt=nc&LH_PrefLoc=2,4,1
Saccharum officinarum,True,https://www.ebay.com/sch/i.html?_sacat=0&LH_Sold=1&_udlo=&_udhi=&_samilow=&_samihi=&_sop=12&_dmd=1&_ipg=200&LH_Complete=1&_fosrp=1&_nkw=%22Saccharum+officinarum%22&rt=nc&LH_PrefLoc=2,1,1
Cymbopogon nardus,True,https://www.ebay.com/sch/i.html?_sacat=0&LH_Sold=1&_udlo=&_udhi=&_samilow=&_samihi=&_sop=12&_dmd=1&_ipg=200&LH_Complete=1&_fosrp=1&_nkw=%22Cymbopogon+nardus%22&rt=nc&LH_PrefLoc=2,1,1
Paraplesia adelma,False,https://www.ebay.com/sch/i.html?_sacat=0&LH_Sold=1&_udlo=&_udhi=&_samilow=&_samihi=&_sop=12&_dmd=1&_ipg=200&LH_Complete=1&_fosrp=1&_nkw=%22Paraplesia+adelma%22&rt=nc&LH_PrefLoc=2,0,1
Percnodaimon pluto,False,https://www.ebay.com/sch/i.html?_sacat=0&LH_Sold=1&_udlo=&_udhi=&_samilow=&_samihi=&_sop=12&_dmd=1&_ipg=200&LH_Complete=1&_fosrp=1&_nkw=%22Percnodaimon+pluto%22&rt=nc&LH_PrefLoc=2,0,1
Perisama bonplandii,True,https://www.ebay.com/sch/i.html?_sacat=0&LH_Sold=1&_udlo=&_udhi=&_samilow=&_samihi=&_sop=12&_dmd=1&_ipg=200&LH_Complete=1&_fosrp=1&_nkw=%22Perisama+bonplandii%22&rt=nc&LH_PrefLoc=2,1,1
Perisama tringa,False,https://www.ebay.com/sch/i.html?_sacat=0&LH_Sold=1&_udlo=&_udhi=&_samilow=&_samihi=&_sop=12&_dmd=1&_ipg=200&LH_Complete=1&_fosrp=1&_nkw=%22Perisama+tringa%22&rt=nc&LH_PrefLoc=2,0,1
Perisama humboldti,False,https://www.ebay.com/sch/i.html?_sacat=0&LH_Sold=1&_udlo=&_udhi=&_samilow=&_samihi=&_sop=12&_dmd=1&_ipg=200&LH_Complete=1&_fosrp=1&_nkw=%22Perisama+humboldti%22&rt=nc&LH_PrefLoc=2,0,1
Perisama hilara,False,https://www.ebay.com/sch/i.html?_sacat=0&LH_Sold=1&_udlo=&_udhi=&_samilow=&_samihi=&_sop=12&_dmd=1&_ipg=200&LH_Complete=1&_fosrp=1&_nkw=%22Perisama+hilara%22&rt=nc&LH_PrefLoc=2,0,1
Perisama meridionalis,False,https://www.ebay.com/sch/i.html?_sacat=0&LH_Sold=1&_udlo=&_udhi=&_samilow=&_samihi=&_sop=12&_dmd=1&_ipg=200&LH_Complete=1&_fosrp=1&_nkw=%22Perisama+meridionalis%22&rt=nc&LH_PrefLoc=2,0,1
Celtis sinensis,True,https://www.ebay.com/sch/i.html?_sacat=0&LH_Sold=1&_udlo=&_udhi=&_samilow=&_samihi=&_sop=12&_dmd=1&_ipg=200&LH_Complete=1&_fosrp=1&_nkw=%22Celtis+sinensis%22&rt=nc&LH_PrefLoc=2,2,1
African Leopard,True,https://www.ebay.com/sch/i.html?_sacat=0&LH_Sold=1&_udlo=&_udhi=&_samilow=&_samihi=&_sop=12&_dmd=1&_ipg=200&LH_Complete=1&_fosrp=1&_nkw=%22African+Leopard%22&rt=nc&LH_PrefLoc=2,144,1
Salix babylonica,True,https://www.ebay.com/sch/i.html?_sacat=0&LH_Sold=1&_udlo=&_udhi=&_samilow=&_samihi=&_sop=12&_dmd=1&_ipg=200&LH_Complete=1&_fosrp=1&_nkw=%22Salix+babylonica%22&rt=nc&LH_PrefLoc=2,9,1
Populus alba,True,https://www.ebay.com/sch/i.html?_sacat=0&LH_Sold=1&_udlo=&_udhi=&_samilow=&_samihi=&_sop=12&_dmd=1&_ipg=200&LH_Complete=1&_fosrp=1&_nkw=%22Populus+alba%22&rt=nc&LH_PrefLoc=2,5,1
Papilio antenor,True,https://www.ebay.com/sch/i.html?_sacat=0&LH_Sold=1&_udlo=&_udhi=&_samilow=&_samihi=&_sop=12&_dmd=1&_ipg=200&LH_Complete=1&_fosrp=1&_nkw=%22Papilio+antenor%22&rt=nc&LH_PrefLoc=2,20,1
Maculinea arion,False,https://www.ebay.com/sch/i.html?_sacat=0&LH_Sold=1&_udlo=&_udhi=&_samilow=&_samihi=&_sop=12&_dmd=1&_ipg=200&LH_Complete=1&_fosrp=1&_nkw=%22Maculinea+arion%22&rt=nc&LH_PrefLoc=2,0,1
Maculinea alcon,False,https://www.ebay.com/sch/i.html?_sacat=0&LH_Sold=1&_udlo=&_udhi=&_samilow=&_samihi=&_sop=12&_dmd=1&_ipg=200&LH_Complete=1&_fosrp=1&_nkw=%22Maculinea+alcon%22&rt=nc&LH_PrefLoc=2,0,1
Glaucopsyche nausithous,False,https://www.ebay.com/sch/i.html?_sacat=0&LH_Sold=1&_udlo=&_udhi=&_samilow=&_samihi=&_sop=12&_dmd=1&_ipg=200&LH_Complete=1&_fosrp=1&_nkw=%22Glaucopsyche+nausithous%22&rt=nc&LH_PrefLoc=2,0,1
Maculinea teleius,True,https://www.ebay.com/sch/i.html?_sacat=0&LH_Sold=1&_udlo=&_udhi=&_samilow=&_samihi=&_sop=12&_dmd=1&_ipg=200&LH_Complete=1&_fosrp=1&_nkw=%22Maculinea+teleius%22&rt=nc&LH_PrefLoc=2,1,1
Metamandana dido,False,https://www.ebay.com/sch/i.html?_sacat=0&LH_Sold=1&_udlo=&_udhi=&_samilow=&_samihi=&_sop=12&_dmd=1&_ipg=200&LH_Complete=1&_fosrp=1&_nkw=%22Metamandana+dido%22&rt=nc&LH_PrefLoc=2,0,1
Metamorpha dido,False,https://www.ebay.com/sch/i.html?_sacat=0&LH_Sold=1&_udlo=&_udhi=&_samilow=&_samihi=&_sop=12&_dmd=1&_ipg=200&LH_Complete=1&_fosrp=1&_nkw=%22Metamorpha+dido%22&rt=nc&LH_PrefLoc=2,0,1
Catopsilia argante,False,https://www.ebay.com/sch/i.html?_sacat=0&LH_Sold=1&_udlo=&_udhi=&_samilow=&_samihi=&_sop=12&_dmd=1&_ipg=200&LH_Complete=1&_fosrp=1&_nkw=%22Catopsilia+argante%22&rt=nc&LH_PrefLoc=2,0,1
Phoebis rurina,True,https://www.ebay.com/sch/i.html?_sacat=0&LH_Sold=1&_udlo=&_udhi=&_samilow=&_samihi=&_sop=12&_dmd=1&_ipg=200&LH_Complete=1&_fosrp=1&_nkw=%22Phoebis+rurina%22&rt=nc&LH_PrefLoc=2,4,1
Phoebus philea,False,https://www.ebay.com/sch/i.html?_sacat=0&LH_Sold=1&_udlo=&_udhi=&_samilow=&_samihi=&_sop=12&_dmd=1&_ipg=200&LH_Complete=1&_fosrp=1&_nkw=%22Phoebus+philea%22&rt=nc&LH_PrefLoc=2,0,1
Callidryas eubule,False,https://www.ebay.com/sch/i.html?_sacat=0&LH_Sold=1&_udlo=&_udhi=&_samilow=&_samihi=&_sop=12&_dmd=1&_ipg=200&LH_Complete=1&_fosrp=1&_nkw=%22Callidryas+eubule%22&rt=nc&LH_PrefLoc=2,0,1
Pierella ceryce,False,https://www.ebay.com/sch/i.html?_sacat=0&LH_Sold=1&_udlo=&_udhi=&_samilow=&_samihi=&_sop=12&_dmd=1&_ipg=200&LH_Complete=1&_fosrp=1&_nkw=%22Pierella+ceryce%22&rt=nc&LH_PrefLoc=2,0,1
Lunaria biennis,True,https://www.ebay.com/sch/i.html?_sacat=0&LH_Sold=1&_udlo=&_udhi=&_samilow=&_samihi=&_sop=12&_dmd=1&_ipg=200&LH_Complete=1&_fosrp=1&_nkw=%22Lunaria+biennis%22&rt=nc&LH_PrefLoc=2,8,1
Tropaeolum majus,True,https://www.ebay.com/sch/i.html?_sacat=0&LH_Sold=1&_udlo=&_udhi=&_samilow=&_samihi=&_sop=12&_dmd=1&_ipg=200&LH_Complete=1&_fosrp=1&_nkw=%22Tropaeolum+majus%22&rt=nc&LH_PrefLoc=2,11,1
Capparis spinosa,True,https://www.ebay.com/sch/i.html?_sacat=0&LH_Sold=1&_udlo=&_udhi=&_samilow=&_samihi=&_sop=12&_dmd=1&_ipg=200&LH_Complete=1&_fosrp=1&_nkw=%22Capparis+spinosa%22&rt=nc&LH_PrefLoc=2,11,1
Raphanus raphanistrum,True,https://www.ebay.com/sch/i.html?_sacat=0&LH_Sold=1&_udlo=&_udhi=&_samilow=&_samihi=&_sop=12&_dmd=1&_ipg=200&LH_Complete=1&_fosrp=1&_nkw=%22Raphanus+raphanistrum%22&rt=nc&LH_PrefLoc=2,1,1
Isatis tinctoria,True,https://www.ebay.com/sch/i.html?_sacat=0&LH_Sold=1&_udlo=&_udhi=&_samilow=&_samihi=&_sop=12&_dmd=1&_ipg=200&LH_Complete=1&_fosrp=1&_nkw=%22Isatis+tinctoria%22&rt=nc&LH_PrefLoc=2,12,1
Lepidium virginicum,True,https://www.ebay.com/sch/i.html?_sacat=0&LH_Sold=1&_udlo=&_udhi=&_samilow=&_samihi=&_sop=12&_dmd=1&_ipg=200&LH_Complete=1&_fosrp=1&_nkw=%22Lepidium+virginicum%22&rt=nc&LH_PrefLoc=2,3,1
Alstonia scholaris,True,https://www.ebay.com/sch/i.html?_sacat=0&LH_Sold=1&_udlo=&_udhi=&_samilow=&_samihi=&_sop=12&_dmd=1&_ipg=200&LH_Complete=1&_fosrp=1&_nkw=%22Alstonia+scholaris%22&rt=nc&LH_PrefLoc=2,1,1
Pieris mahometana,False,https://www.ebay.com/sch/i.html?_sacat=0&LH_Sold=1&_udlo=&_udhi=&_samilow=&_samihi=&_sop=12&_dmd=1&_ipg=200&LH_Complete=1&_fosrp=1&_nkw=%22Pieris+mahometana%22&rt=nc&LH_PrefLoc=2,0,1
Pontia napi,False,https://www.ebay.com/sch/i.html?_sacat=0&LH_Sold=1&_udlo=&_udhi=&_samilow=&_samihi=&_sop=12&_dmd=1&_ipg=200&LH_Complete=1&_fosrp=1&_nkw=%22Pontia+napi%22&rt=nc&LH_PrefLoc=2,0,1
Artogeia napi,False,https://www.ebay.com/sch/i.html?_sacat=0&LH_Sold=1&_udlo=&_udhi=&_samilow=&_samihi=&_sop=12&_dmd=1&_ipg=200&LH_Complete=1&_fosrp=1&_nkw=%22Artogeia+napi%22&rt=nc&LH_PrefLoc=2,0,1
Pieris balcana,False,https://www.ebay.com/sch/i.html?_sacat=0&LH_Sold=1&_udlo=&_udhi=&_samilow=&_samihi=&_sop=12&_dmd=1&_ipg=200&LH_Complete=1&_fosrp=1&_nkw=%22Pieris+balcana%22&rt=nc&LH_PrefLoc=2,0,1
Pieris japonica,True,https://www.ebay.com/sch/i.html?_sacat=0&LH_Sold=1&_udlo=&_udhi=&_samilow=&_samihi=&_sop=12&_dmd=1&_ipg=200&LH_Complete=1&_fosrp=1&_nkw=%22Pieris+japonica%22&rt=nc&LH_PrefLoc=2,2,1
Pieris segonzaci,False,https://www.ebay.com/sch/i.html?_sacat=0&LH_Sold=1&_udlo=&_udhi=&_samilow=&_samihi=&_sop=12&_dmd=1&_ipg=200&LH_Complete=1&_fosrp=1&_nkw=%22Pieris+segonzaci%22&rt=nc&LH_PrefLoc=2,0,1
Moricandia arvensis,False,https://www.ebay.com/sch/i.html?_sacat=0&LH_Sold=1&_udlo=&_udhi=&_samilow=&_samihi=&_sop=12&_dmd=1&_ipg=200&LH_Complete=1&_fosrp=1&_nkw=%22Moricandia+arvensis%22&rt=nc&LH_PrefLoc=2,0,1
Artogeia rapae,False,https://www.ebay.com/sch/i.html?_sacat=0&LH_Sold=1&_udlo=&_udhi=&_samilow=&_samihi=&_sop=12&_dmd=1&_ipg=200&LH_Complete=1&_fosrp=1&_nkw=%22Artogeia+rapae%22&rt=nc&LH_PrefLoc=2,0,1
Cleome spinosa,False,https://www.ebay.com/sch/i.html?_sacat=0&LH_Sold=1&_udlo=&_udhi=&_samilow=&_samihi=&_sop=12&_dmd=1&_ipg=200&LH_Complete=1&_fosrp=1&_nkw=%22Cleome+spinosa%22&rt=nc&LH_PrefLoc=2,0,1
Actis mimeta,False,https://www.ebay.com/sch/i.html?_sacat=0&LH_Sold=1&_udlo=&_udhi=&_samilow=&_samihi=&_sop=12&_dmd=1&_ipg=200&LH_Complete=1&_fosrp=1&_nkw=%22Actis+mimeta%22&rt=nc&LH_PrefLoc=2,0,1
Plebejus loewii,True,https://www.ebay.com/sch/i.html?_sacat=0&LH_Sold=1&_udlo=&_udhi=&_samilow=&_samihi=&_sop=12&_dmd=1&_ipg=200&LH_Complete=1&_fosrp=1&_nkw=%22Plebejus+loewii%22&rt=nc&LH_PrefLoc=2,4,1
Lycaeides idas,False,https://www.ebay.com/sch/i.html?_sacat=0&LH_Sold=1&_udlo=&_udhi=&_samilow=&_samihi=&_sop=12&_dmd=1&_ipg=200&LH_Complete=1&_fosrp=1&_nkw=%22Lycaeides+idas%22&rt=nc&LH_PrefLoc=2,0,1
Plebeius argus,False,https://www.ebay.com/sch/i.html?_sacat=0&LH_Sold=1&_udlo=&_udhi=&_samilow=&_samihi=&_sop=12&_dmd=1&_ipg=200&LH_Complete=1&_fosrp=1&_nkw=%22Plebeius+argus%22&rt=nc&LH_PrefLoc=2,0,1
Lycaeides argus,False,https://www.ebay.com/sch/i.html?_sacat=0&LH_Sold=1&_udlo=&_udhi=&_samilow=&_samihi=&_sop=12&_dmd=1&_ipg=200&LH_Complete=1&_fosrp=1&_nkw=%22Lycaeides+argus%22&rt=nc&LH_PrefLoc=2,0,1
Plebeius christophi,False,https://www.ebay.com/sch/i.html?_sacat=0&LH_Sold=1&_udlo=&_udhi=&_samilow=&_samihi=&_sop=12&_dmd=1&_ipg=200&LH_Complete=1&_fosrp=1&_nkw=%22Plebeius+christophi%22&rt=nc&LH_PrefLoc=2,0,1
Plebeius eversmanni,False,https://www.ebay.com/sch/i.html?_sacat=0&LH_Sold=1&_udlo=&_udhi=&_samilow=&_samihi=&_sop=12&_dmd=1&_ipg=200&LH_Complete=1&_fosrp=1&_nkw=%22Plebeius+eversmanni%22&rt=nc&LH_PrefLoc=2,0,1
Coronilla varia,True,https://www.ebay.com/sch/i.html?_sacat=0&LH_Sold=1&_udlo=&_udhi=&_samilow=&_samihi=&_sop=12&_dmd=1&_ipg=200&LH_Complete=1&_fosrp=1&_nkw=%22Coronilla+varia%22&rt=nc&LH_PrefLoc=2,3,1
Nymphalis c-album,False,https://www.ebay.com/sch/i.html?_sacat=0&LH_Sold=1&_udlo=&_udhi=&_samilow=&_samihi=&_sop=12&_dmd=1&_ipg=200&LH_Complete=1&_fosrp=1&_nkw=%22Nymphalis+c-album%22&rt=nc&LH_PrefLoc=2,0,1
Nymphalis c-aureum,False,https://www.ebay.com/sch/i.html?_sacat=0&LH_Sold=1&_udlo=&_udhi=&_samilow=&_samihi=&_sop=12&_dmd=1&_ipg=200&LH_Complete=1&_fosrp=1&_nkw=%22Nymphalis+c-aureum%22&rt=nc&LH_PrefLoc=2,0,1
Cannabis sativa,True,https://www.ebay.com/sch/i.html?_sacat=0&LH_Sold=1&_udlo=&_udhi=&_samilow=&_samihi=&_sop=12&_dmd=1&_ipg=200&LH_Complete=1&_fosrp=1&_nkw=%22Cannabis+sativa%22&rt=nc&LH_PrefLoc=2,134,1
Linum usitatissimum,True,https://www.ebay.com/sch/i.html?_sacat=0&LH_Sold=1&_udlo=&_udhi=&_samilow=&_samihi=&_sop=12&_dmd=1&_ipg=200&LH_Complete=1&_fosrp=1&_nkw=%22Linum+usitatissimum%22&rt=nc&LH_PrefLoc=2,8,1
Polygonia zephyrus,False,https://www.ebay.com/sch/i.html?_sacat=0&LH_Sold=1&_udlo=&_udhi=&_samilow=&_samihi=&_sop=12&_dmd=1&_ipg=200&LH_Complete=1&_fosrp=1&_nkw=%22Polygonia+zephyrus%22&rt=nc&LH_PrefLoc=2,0,1
Rhododendron occidentale,True,https://www.ebay.com/sch/i.html?_sacat=0&LH_Sold=1&_udlo=&_udhi=&_samilow=&_samihi=&_sop=12&_dmd=1&_ipg=200&LH_Complete=1&_fosrp=1&_nkw=%22Rhododendron+occidentale%22&rt=nc&LH_PrefLoc=2,2,1
Anaea cyanea,True,https://www.ebay.com/sch/i.html?_sacat=0&LH_Sold=1&_udlo=&_udhi=&_samilow=&_samihi=&_sop=12&_dmd=1&_ipg=200&LH_Complete=1&_fosrp=1&_nkw=%22Anaea+cyanea%22&rt=nc&LH_PrefLoc=2,5,1
Anaea xenocrates,False,https://www.ebay.com/sch/i.html?_sacat=0&LH_Sold=1&_udlo=&_udhi=&_samilow=&_samihi=&_sop=12&_dmd=1&_ipg=200&LH_Complete=1&_fosrp=1&_nkw=%22Anaea+xenocrates%22&rt=nc&LH_PrefLoc=2,0,1
Agrodiaetus actis,True,https://www.ebay.com/sch/i.html?_sacat=0&LH_Sold=1&_udlo=&_udhi=&_samilow=&_samihi=&_sop=12&_dmd=1&_ipg=200&LH_Complete=1&_fosrp=1&_nkw=%22Agrodiaetus+actis%22&rt=nc&LH_PrefLoc=2,2,2
Agrodiaetus actinides,False,https://www.ebay.com/sch/i.html?_sacat=0&LH_Sold=1&_udlo=&_udhi=&_samilow=&_samihi=&_sop=12&_dmd=1&_ipg=200&LH_Complete=1&_fosrp=1&_nkw=%22Agrodiaetus+actinides%22&rt=nc&LH_PrefLoc=2,0,1
Agrodiaetus ripartii,False,https://www.ebay.com/sch/i.html?_sacat=0&LH_Sold=1&_udlo=&_udhi=&_samilow=&_samihi=&_sop=12&_dmd=1&_ipg=200&LH_Complete=1&_fosrp=1&_nkw=%22Agrodiaetus+ripartii%22&rt=nc&LH_PrefLoc=2,0,1
Agrodiaetus alcestis,True,https://www.ebay.com/sch/i.html?_sacat=0&LH_Sold=1&_udlo=&_udhi=&_samilow=&_samihi=&_sop=12&_dmd=1&_ipg=200&LH_Complete=1&_fosrp=1&_nkw=%22Agrodiaetus+alcestis%22&rt=nc&LH_PrefLoc=2,1,1
Plebicula amanda,False,https://www.ebay.com/sch/i.html?_sacat=0&LH_Sold=1&_udlo=&_udhi=&_samilow=&_samihi=&_sop=12&_dmd=1&_ipg=200&LH_Complete=1&_fosrp=1&_nkw=%22Plebicula+amanda%22&rt=nc&LH_PrefLoc=2,0,1
Polyommatus tsvetajevi,False,https://www.ebay.com/sch/i.html?_sacat=0&LH_Sold=1&_udlo=&_udhi=&_samilow=&_samihi=&_sop=12&_dmd=1&_ipg=200&LH_Complete=1&_fosrp=1&_nkw=%22Polyommatus+tsvetajevi%22&rt=nc&LH_PrefLoc=2,0,1
Agrodiaetus huberti,False,https://www.ebay.com/sch/i.html?_sacat=0&LH_Sold=1&_udlo=&_udhi=&_samilow=&_samihi=&_sop=12&_dmd=1&_ipg=200&LH_Complete=1&_fosrp=1&_nkw=%22Agrodiaetus+huberti%22&rt=nc&LH_PrefLoc=2,0,1
Agrodiaetus antidolus,False,https://www.ebay.com/sch/i.html?_sacat=0&LH_Sold=1&_udlo=&_udhi=&_samilow=&_samihi=&_sop=12&_dmd=1&_ipg=200&LH_Complete=1&_fosrp=1&_nkw=%22Agrodiaetus+antidolus%22&rt=nc&LH_PrefLoc=2,0,1
Agrodiaetus aroaniensis,False,https://www.ebay.com/sch/i.html?_sacat=0&LH_Sold=1&_udlo=&_udhi=&_samilow=&_samihi=&_sop=12&_dmd=1&_ipg=200&LH_Complete=1&_fosrp=1&_nkw=%22Agrodiaetus+aroaniensis%22&rt=nc&LH_PrefLoc=2,0,1
Agrodiaetus ninae,True,https://www.ebay.com/sch/i.html?_sacat=0&LH_Sold=1&_udlo=&_udhi=&_samilow=&_samihi=&_sop=12&_dmd=1&_ipg=200&LH_Complete=1&_fosrp=1&_nkw=%22Agrodiaetus+ninae%22&rt=nc&LH_PrefLoc=2,1,1
Agrodiaetus cyaneus,False,https://www.ebay.com/sch/i.html?_sacat=0&LH_Sold=1&_udlo=&_udhi=&_samilow=&_samihi=&_sop=12&_dmd=1&_ipg=200&LH_Complete=1&_fosrp=1&_nkw=%22Agrodiaetus+cyaneus%22&rt=nc&LH_PrefLoc=2,0,1
Agrodiaetus damocles,True,https://www.ebay.com/sch/i.html?_sacat=0&LH_Sold=1&_udlo=&_udhi=&_samilow=&_samihi=&_sop=12&_dmd=1&_ipg=200&LH_Complete=1&_fosrp=1&_nkw=%22Agrodiaetus+damocles%22&rt=nc&LH_PrefLoc=2,1,1
Agrodiaetus damone,True,https://www.ebay.com/sch/i.html?_sacat=0&LH_Sold=1&_udlo=&_udhi=&_samilow=&_samihi=&_sop=12&_dmd=1&_ipg=200&LH_Complete=1&_fosrp=1&_nkw=%22Agrodiaetus+damone%22&rt=nc&LH_PrefLoc=2,1,1
Agrodiaetus damon,True,https://www.ebay.com/sch/i.html?_sacat=0&LH_Sold=1&_udlo=&_udhi=&_samilow=&_samihi=&_sop=12&_dmd=1&_ipg=200&LH_Complete=1&_fosrp=1&_nkw=%22Agrodiaetus+damon%22&rt=nc&LH_PrefLoc=2,2,1
Lycaena meleager,False,https://www.ebay.com/sch/i.html?_sacat=0&LH_Sold=1&_udlo=&_udhi=&_samilow=&_samihi=&_sop=12&_dmd=1&_ipg=200&LH_Complete=1&_fosrp=1&_nkw=%22Lycaena+meleager%22&rt=nc&LH_PrefLoc=2,0,1
Meleageria daphnis,False,https://www.ebay.com/sch/i.html?_sacat=0&LH_Sold=1&_udlo=&_udhi=&_samilow=&_samihi=&_sop=12&_dmd=1&_ipg=200&LH_Complete=1&_fosrp=1&_nkw=%22Meleageria+daphnis%22&rt=nc&LH_PrefLoc=2,0,1
Agrodiaetus demavendi,False,https://www.ebay.com/sch/i.html?_sacat=0&LH_Sold=1&_udlo=&_udhi=&_samilow=&_samihi=&_sop=12&_dmd=1&_ipg=200&LH_Complete=1&_fosrp=1&_nkw=%22Agrodiaetus+demavendi%22&rt=nc&LH_PrefLoc=2,0,1
Agrodiaetus dolus,False,https://www.ebay.com/sch/i.html?_sacat=0&LH_Sold=1&_udlo=&_udhi=&_samilow=&_samihi=&_sop=12&_dmd=1&_ipg=200&LH_Complete=1&_fosrp=1&_nkw=%22Agrodiaetus+dolus%22&rt=nc&LH_PrefLoc=2,0,1
Polyommatus menelaos,False,https://www.ebay.com/sch/i.html?_sacat=0&LH_Sold=1&_udlo=&_udhi=&_samilow=&_samihi=&_sop=12&_dmd=1&_ipg=200&LH_Complete=1&_fosrp=1&_nkw=%22Polyommatus+menelaos%22&rt=nc&LH_PrefLoc=2,0,1
Polyommatus eroides,True,https://www.ebay.com/sch/i.html?_sacat=0&LH_Sold=1&_udlo=&_udhi=&_samilow=&_samihi=&_sop=12&_dmd=1&_ipg=200&LH_Complete=1&_fosrp=1&_nkw=%22Polyommatus+eroides%22&rt=nc&LH_PrefLoc=2,1,1
Agrodiaetus firdussii,False,https://www.ebay.com/sch/i.html?_sacat=0&LH_Sold=1&_udlo=&_udhi=&_samilow=&_samihi=&_sop=12&_dmd=1&_ipg=200&LH_Complete=1&_fosrp=1&_nkw=%22Agrodiaetus+firdussii%22&rt=nc&LH_PrefLoc=2,0,1
Polyommatus akmeicius,False,https://www.ebay.com/sch/i.html?_sacat=0&LH_Sold=1&_udlo=&_udhi=&_samilow=&_samihi=&_sop=12&_dmd=1&_ipg=200&LH_Complete=1&_fosrp=1&_nkw=%22Polyommatus+akmeicius%22&rt=nc&LH_PrefLoc=2,0,1
Agrodiaetus humedasae,False,https://www.ebay.com/sch/i.html?_sacat=0&LH_Sold=1&_udlo=&_udhi=&_samilow=&_samihi=&_sop=12&_dmd=1&_ipg=200&LH_Complete=1&_fosrp=1&_nkw=%22Agrodiaetus+humedasae%22&rt=nc&LH_PrefLoc=2,0,1
Polyommatus andronicus,True,https://www.ebay.com/sch/i.html?_sacat=0&LH_Sold=1&_udlo=&_udhi=&_samilow=&_samihi=&_sop=12&_dmd=1&_ipg=200&LH_Complete=1&_fosrp=1&_nkw=%22Polyommatus+andronicus%22&rt=nc&LH_PrefLoc=2,1,1
Agrodiaetus iphigenia,False,https://www.ebay.com/sch/i.html?_sacat=0&LH_Sold=1&_udlo=&_udhi=&_samilow=&_samihi=&_sop=12&_dmd=1&_ipg=200&LH_Complete=1&_fosrp=1&_nkw=%22Agrodiaetus+iphigenia%22&rt=nc&LH_PrefLoc=2,0,1
Agrodiaetus musa,False,https://www.ebay.com/sch/i.html?_sacat=0&LH_Sold=1&_udlo=&_udhi=&_samilow=&_samihi=&_sop=12&_dmd=1&_ipg=200&LH_Complete=1&_fosrp=1&_nkw=%22Agrodiaetus+musa%22&rt=nc&LH_PrefLoc=2,0,1
Agrodiaetus nephohiptamenos,False,https://www.ebay.com/sch/i.html?_sacat=0&LH_Sold=1&_udlo=&_udhi=&_samilow=&_samihi=&_sop=12&_dmd=1&_ipg=200&LH_Complete=1&_fosrp=1&_nkw=%22Agrodiaetus+nephohiptamenos%22&rt=nc&LH_PrefLoc=2,0,1
Agrodiaetus phyllis,False,https://www.ebay.com/sch/i.html?_sacat=0&LH_Sold=1&_udlo=&_udhi=&_samilow=&_samihi=&_sop=12&_dmd=1&_ipg=200&LH_Complete=1&_fosrp=1&_nkw=%22Agrodiaetus+phyllis%22&rt=nc&LH_PrefLoc=2,0,1
Agrodiaetus vanensis,False,https://www.ebay.com/sch/i.html?_sacat=0&LH_Sold=1&_udlo=&_udhi=&_samilow=&_samihi=&_sop=12&_dmd=1&_ipg=200&LH_Complete=1&_fosrp=1&_nkw=%22Agrodiaetus+vanensis%22&rt=nc&LH_PrefLoc=2,0,1
Agrodiaetus surakovi,False,https://www.ebay.com/sch/i.html?_sacat=0&LH_Sold=1&_udlo=&_udhi=&_samilow=&_samihi=&_sop=12&_dmd=1&_ipg=200&LH_Complete=1&_fosrp=1&_nkw=%22Agrodiaetus+surakovi%22&rt=nc&LH_PrefLoc=2,0,1
Agrodiaetus larseni,False,https://www.ebay.com/sch/i.html?_sacat=0&LH_Sold=1&_udlo=&_udhi=&_samilow=&_samihi=&_sop=12&_dmd=1&_ipg=200&LH_Complete=1&_fosrp=1&_nkw=%22Agrodiaetus+larseni%22&rt=nc&LH_PrefLoc=2,0,1
Agrodiaetus turcicus,False,https://www.ebay.com/sch/i.html?_sacat=0&LH_Sold=1&_udlo=&_udhi=&_samilow=&_samihi=&_sop=12&_dmd=1&_ipg=200&LH_Complete=1&_fosrp=1&_nkw=%22Agrodiaetus+turcicus%22&rt=nc&LH_PrefLoc=2,0,1
Agrodiaetus shamil,False,https://www.ebay.com/sch/i.html?_sacat=0&LH_Sold=1&_udlo=&_udhi=&_samilow=&_samihi=&_sop=12&_dmd=1&_ipg=200&LH_Complete=1&_fosrp=1&_nkw=%22Agrodiaetus+shamil%22&rt=nc&LH_PrefLoc=2,0,1
Agrodiaetus ciscaucasica,False,https://www.ebay.com/sch/i.html?_sacat=0&LH_Sold=1&_udlo=&_udhi=&_samilow=&_samihi=&_sop=12&_dmd=1&_ipg=200&LH_Complete=1&_fosrp=1&_nkw=%22Agrodiaetus+ciscaucasica%22&rt=nc&LH_PrefLoc=2,0,1
Poinciana regia,True,https://www.ebay.com/sch/i.html?_sacat=0&LH_Sold=1&_udlo=&_udhi=&_samilow=&_samihi=&_sop=12&_dmd=1&_ipg=200&LH_Complete=1&_fosrp=1&_nkw=%22Poinciana+regia%22&rt=nc&LH_PrefLoc=2,3,1
Leucaena leucocephala,True,https://www.ebay.com/sch/i.html?_sacat=0&LH_Sold=1&_udlo=&_udhi=&_samilow=&_samihi=&_sop=12&_dmd=1&_ipg=200&LH_Complete=1&_fosrp=1&_nkw=%22Leucaena+leucocephala%22&rt=nc&LH_PrefLoc=2,5,1
Eriboea eudamippus,False,https://www.ebay.com/sch/i.html?_sacat=0&LH_Sold=1&_udlo=&_udhi=&_samilow=&_samihi=&_sop=12&_dmd=1&_ipg=200&LH_Complete=1&_fosrp=1&_nkw=%22Eriboea+eudamippus%22&rt=nc&LH_PrefLoc=2,0,1
Polyura narcaea,True,https://www.ebay.com/sch/i.html?_sacat=0&LH_Sold=1&_udlo=&_udhi=&_samilow=&_samihi=&_sop=12&_dmd=1&_ipg=200&LH_Complete=1&_fosrp=1&_nkw=%22Polyura+narcaea%22&rt=nc&LH_PrefLoc=2,6,1
Delonix regia,True,https://www.ebay.com/sch/i.html?_sacat=0&LH_Sold=1&_udlo=&_udhi=&_samilow=&_samihi=&_sop=12&_dmd=1&_ipg=200&LH_Complete=1&_fosrp=1&_nkw=%22Delonix+regia%22&rt=nc&LH_PrefLoc=2,57,1
Albizia lebbeck,True,https://www.ebay.com/sch/i.html?_sacat=0&LH_Sold=1&_udlo=&_udhi=&_samilow=&_samihi=&_sop=12&_dmd=1&_ipg=200&LH_Complete=1&_fosrp=1&_nkw=%22Albizia+lebbeck%22&rt=nc&LH_PrefLoc=2,8,1
Lagerstroemia indica,True,https://www.ebay.com/sch/i.html?_sacat=0&LH_Sold=1&_udlo=&_udhi=&_samilow=&_samihi=&_sop=12&_dmd=1&_ipg=200&LH_Complete=1&_fosrp=1&_nkw=%22Lagerstroemia+indica%22&rt=nc&LH_PrefLoc=2,19,1
Adenanthera pavonina,True,https://www.ebay.com/sch/i.html?_sacat=0&LH_Sold=1&_udlo=&_udhi=&_samilow=&_samihi=&_sop=12&_dmd=1&_ipg=200&LH_Complete=1&_fosrp=1&_nkw=%22Adenanthera+pavonina%22&rt=nc&LH_PrefLoc=2,12,1
Polyura schreiberi,False,https://www.ebay.com/sch/i.html?_sacat=0&LH_Sold=1&_udlo=&_udhi=&_samilow=&_samihi=&_sop=12&_dmd=1&_ipg=200&LH_Complete=1&_fosrp=1&_nkw=%22Polyura+schreiberi%22&rt=nc&LH_PrefLoc=2,0,1
Pieris daplidice,False,https://www.ebay.com/sch/i.html?_sacat=0&LH_Sold=1&_udlo=&_udhi=&_samilow=&_samihi=&_sop=12&_dmd=1&_ipg=200&LH_Complete=1&_fosrp=1&_nkw=%22Pieris+daplidice%22&rt=nc&LH_PrefLoc=2,0,1
Pieris davidis,False,https://www.ebay.com/sch/i.html?_sacat=0&LH_Sold=1&_udlo=&_udhi=&_samilow=&_samihi=&_sop=12&_dmd=1&_ipg=200&LH_Complete=1&_fosrp=1&_nkw=%22Pieris+davidis%22&rt=nc&LH_PrefLoc=2,0,1
Pieris extensa,False,https://www.ebay.com/sch/i.html?_sacat=0&LH_Sold=1&_udlo=&_udhi=&_samilow=&_samihi=&_sop=12&_dmd=1&_ipg=200&LH_Complete=1&_fosrp=1&_nkw=%22Pieris+extensa%22&rt=nc&LH_PrefLoc=2,0,1
Pieris kozlovi,False,https://www.ebay.com/sch/i.html?_sacat=0&LH_Sold=1&_udlo=&_udhi=&_samilow=&_samihi=&_sop=12&_dmd=1&_ipg=200&LH_Complete=1&_fosrp=1&_nkw=%22Pieris+kozlovi%22&rt=nc&LH_PrefLoc=2,0,1
Junonia andremiaja,False,https://www.ebay.com/sch/i.html?_sacat=0&LH_Sold=1&_udlo=&_udhi=&_samilow=&_samihi=&_sop=12&_dmd=1&_ipg=200&LH_Complete=1&_fosrp=1&_nkw=%22Junonia+andremiaja%22&rt=nc&LH_PrefLoc=2,0,1
Agrias aedon,True,https://www.ebay.com/sch/i.html?_sacat=0&LH_Sold=1&_udlo=&_udhi=&_samilow=&_samihi=&_sop=12&_dmd=1&_ipg=200&LH_Complete=1&_fosrp=1&_nkw=%22Agrias+aedon%22&rt=nc&LH_PrefLoc=2,1,1
Agrias fournierae,False,https://www.ebay.com/sch/i.html?_sacat=0&LH_Sold=1&_udlo=&_udhi=&_samilow=&_samihi=&_sop=12&_dmd=1&_ipg=200&LH_Complete=1&_fosrp=1&_nkw=%22Agrias+fournierae%22&rt=nc&LH_PrefLoc=2,0,1
Agrias phalcidon,True,https://www.ebay.com/sch/i.html?_sacat=0&LH_Sold=1&_udlo=&_udhi=&_samilow=&_samihi=&_sop=12&_dmd=1&_ipg=200&LH_Complete=1&_fosrp=1&_nkw=%22Agrias+phalcidon%22&rt=nc&LH_PrefLoc=2,2,1
Agrias pericles,True,https://www.ebay.com/sch/i.html?_sacat=0&LH_Sold=1&_udlo=&_udhi=&_samilow=&_samihi=&_sop=12&_dmd=1&_ipg=200&LH_Complete=1&_fosrp=1&_nkw=%22Agrias+pericles%22&rt=nc&LH_PrefLoc=2,4,1
Agrias zenodorus,True,https://www.ebay.com/sch/i.html?_sacat=0&LH_Sold=1&_udlo=&_udhi=&_samilow=&_samihi=&_sop=12&_dmd=1&_ipg=200&LH_Complete=1&_fosrp=1&_nkw=%22Agrias+zenodorus%22&rt=nc&LH_PrefLoc=2,1,1
Agrias amydon,True,https://www.ebay.com/sch/i.html?_sacat=0&LH_Sold=1&_udlo=&_udhi=&_samilow=&_samihi=&_sop=12&_dmd=1&_ipg=200&LH_Complete=1&_fosrp=1&_nkw=%22Agrias+amydon%22&rt=nc&LH_PrefLoc=2,10,1
Agrias hewitsonius,False,https://www.ebay.com/sch/i.html?_sacat=0&LH_Sold=1&_udlo=&_udhi=&_samilow=&_samihi=&_sop=12&_dmd=1&_ipg=200&LH_Complete=1&_fosrp=1&_nkw=%22Agrias+hewitsonius%22&rt=nc&LH_PrefLoc=2,0,1
Agrias lugens,True,https://www.ebay.com/sch/i.html?_sacat=0&LH_Sold=1&_udlo=&_udhi=&_samilow=&_samihi=&_sop=12&_dmd=1&_ipg=200&LH_Complete=1&_fosrp=1&_nkw=%22Agrias+lugens%22&rt=nc&LH_PrefLoc=2,2,1
Prepona brooksiana,True,https://www.ebay.com/sch/i.html?_sacat=0&LH_Sold=1&_udlo=&_udhi=&_samilow=&_samihi=&_sop=12&_dmd=1&_ipg=200&LH_Complete=1&_fosrp=1&_nkw=%22Prepona+brooksiana%22&rt=nc&LH_PrefLoc=2,18,1
Prepona diaziana,True,https://www.ebay.com/sch/i.html?_sacat=0&LH_Sold=1&_udlo=&_udhi=&_samilow=&_samihi=&_sop=12&_dmd=1&_ipg=200&LH_Complete=1&_fosrp=1&_nkw=%22Prepona+diaziana%22&rt=nc&LH_PrefLoc=2,3,1
Prepona escalantiana,True,https://www.ebay.com/sch/i.html?_sacat=0&LH_Sold=1&_udlo=&_udhi=&_samilow=&_samihi=&_sop=12&_dmd=1&_ipg=200&LH_Complete=1&_fosrp=1&_nkw=%22Prepona+escalantiana%22&rt=nc&LH_PrefLoc=2,8,1
Prepona ibarra,False,https://www.ebay.com/sch/i.html?_sacat=0&LH_Sold=1&_udlo=&_udhi=&_samilow=&_samihi=&_sop=12&_dmd=1&_ipg=200&LH_Complete=1&_fosrp=1&_nkw=%22Prepona+ibarra%22&rt=nc&LH_PrefLoc=2,0,1
Prepona lambertoana,False,https://www.ebay.com/sch/i.html?_sacat=0&LH_Sold=1&_udlo=&_udhi=&_samilow=&_samihi=&_sop=12&_dmd=1&_ipg=200&LH_Complete=1&_fosrp=1&_nkw=%22Prepona+lambertoana%22&rt=nc&LH_PrefLoc=2,0,1
Prepona neoterpe,False,https://www.ebay.com/sch/i.html?_sacat=0&LH_Sold=1&_udlo=&_udhi=&_samilow=&_samihi=&_sop=12&_dmd=1&_ipg=200&LH_Complete=1&_fosrp=1&_nkw=%22Prepona+neoterpe%22&rt=nc&LH_PrefLoc=2,0,1
Prepona xenagoras,False,https://www.ebay.com/sch/i.html?_sacat=0&LH_Sold=1&_udlo=&_udhi=&_samilow=&_samihi=&_sop=12&_dmd=1&_ipg=200&LH_Complete=1&_fosrp=1&_nkw=%22Prepona+xenagoras%22&rt=nc&LH_PrefLoc=2,0,1
Prepona dexamenes,True,https://www.ebay.com/sch/i.html?_sacat=0&LH_Sold=1&_udlo=&_udhi=&_samilow=&_samihi=&_sop=12&_dmd=1&_ipg=200&LH_Complete=1&_fosrp=1&_nkw=%22Prepona+dexamenes%22&rt=nc&LH_PrefLoc=2,9,1
Agrias lachaumei,False,https://www.ebay.com/sch/i.html?_sacat=0&LH_Sold=1&_udlo=&_udhi=&_samilow=&_samihi=&_sop=12&_dmd=1&_ipg=200&LH_Complete=1&_fosrp=1&_nkw=%22Agrias+lachaumei%22&rt=nc&LH_PrefLoc=2,0,1
Agrias beata,True,https://www.ebay.com/sch/i.html?_sacat=0&LH_Sold=1&_udlo=&_udhi=&_samilow=&_samihi=&_sop=12&_dmd=1&_ipg=200&LH_Complete=1&_fosrp=1&_nkw=%22Agrias+beata%22&rt=nc&LH_PrefLoc=2,3,1
Agrias beatifica,True,https://www.ebay.com/sch/i.html?_sacat=0&LH_Sold=1&_udlo=&_udhi=&_samilow=&_samihi=&_sop=12&_dmd=1&_ipg=200&LH_Complete=1&_fosrp=1&_nkw=%22Agrias+beatifica%22&rt=nc&LH_PrefLoc=2,82,1
Prepona pseudomphale,False,https://www.ebay.com/sch/i.html?_sacat=0&LH_Sold=1&_udlo=&_udhi=&_samilow=&_samihi=&_sop=12&_dmd=1&_ipg=200&LH_Complete=1&_fosrp=1&_nkw=%22Prepona+pseudomphale%22&rt=nc&LH_PrefLoc=2,0,1
Prepona philipponi,False,https://www.ebay.com/sch/i.html?_sacat=0&LH_Sold=1&_udlo=&_udhi=&_samilow=&_samihi=&_sop=12&_dmd=1&_ipg=200&LH_Complete=1&_fosrp=1&_nkw=%22Prepona+philipponi%22&rt=nc&LH_PrefLoc=2,0,1
Prepona subomphale,False,https://www.ebay.com/sch/i.html?_sacat=0&LH_Sold=1&_udlo=&_udhi=&_samilow=&_samihi=&_sop=12&_dmd=1&_ipg=200&LH_Complete=1&_fosrp=1&_nkw=%22Prepona+subomphale%22&rt=nc&LH_PrefLoc=2,0,1
Prepona omphale,True,https://www.ebay.com/sch/i.html?_sacat=0&LH_Sold=1&_udlo=&_udhi=&_samilow=&_samihi=&_sop=12&_dmd=1&_ipg=200&LH_Complete=1&_fosrp=1&_nkw=%22Prepona+omphale%22&rt=nc&LH_PrefLoc=2,1,1
Prepona demodice,False,https://www.ebay.com/sch/i.html?_sacat=0&LH_Sold=1&_udlo=&_udhi=&_samilow=&_samihi=&_sop=12&_dmd=1&_ipg=200&LH_Complete=1&_fosrp=1&_nkw=%22Prepona+demodice%22&rt=nc&LH_PrefLoc=2,0,1
Andira inermis,True,https://www.ebay.com/sch/i.html?_sacat=0&LH_Sold=1&_udlo=&_udhi=&_samilow=&_samihi=&_sop=12&_dmd=1&_ipg=200&LH_Complete=1&_fosrp=1&_nkw=%22Andira+inermis%22&rt=nc&LH_PrefLoc=2,1,1
Agrias narcissus,True,https://www.ebay.com/sch/i.html?_sacat=0&LH_Sold=1&_udlo=&_udhi=&_samilow=&_samihi=&_sop=12&_dmd=1&_ipg=200&LH_Complete=1&_fosrp=1&_nkw=%22Agrias+narcissus%22&rt=nc&LH_PrefLoc=2,4,1
Prepona eugenes,True,https://www.ebay.com/sch/i.html?_sacat=0&LH_Sold=1&_udlo=&_udhi=&_samilow=&_samihi=&_sop=12&_dmd=1&_ipg=200&LH_Complete=1&_fosrp=1&_nkw=%22Prepona+eugenes%22&rt=nc&LH_PrefLoc=2,1,1
Prepona gnorima,False,https://www.ebay.com/sch/i.html?_sacat=0&LH_Sold=1&_udlo=&_udhi=&_samilow=&_samihi=&_sop=12&_dmd=1&_ipg=200&LH_Complete=1&_fosrp=1&_nkw=%22Prepona+gnorima%22&rt=nc&LH_PrefLoc=2,0,1
Prepona proschion,False,https://www.ebay.com/sch/i.html?_sacat=0&LH_Sold=1&_udlo=&_udhi=&_samilow=&_samihi=&_sop=12&_dmd=1&_ipg=200&LH_Complete=1&_fosrp=1&_nkw=%22Prepona+proschion%22&rt=nc&LH_PrefLoc=2,0,1
Prioneris clemanthe,False,https://www.ebay.com/sch/i.html?_sacat=0&LH_Sold=1&_udlo=&_udhi=&_samilow=&_samihi=&_sop=12&_dmd=1&_ipg=200&LH_Complete=1&_fosrp=1&_nkw=%22Prioneris+clemanthe%22&rt=nc&LH_PrefLoc=2,0,1
Papilio idas,False,https://www.ebay.com/sch/i.html?_sacat=0&LH_Sold=1&_udlo=&_udhi=&_samilow=&_samihi=&_sop=12&_dmd=1&_ipg=200&LH_Complete=1&_fosrp=1&_nkw=%22Papilio+idas%22&rt=nc&LH_PrefLoc=2,0,1
Eurytides glaucolaus,False,https://www.ebay.com/sch/i.html?_sacat=0&LH_Sold=1&_udlo=&_udhi=&_samilow=&_samihi=&_sop=12&_dmd=1&_ipg=200&LH_Complete=1&_fosrp=1&_nkw=%22Eurytides+glaucolaus%22&rt=nc&LH_PrefLoc=2,0,1
Papilio protesilaus,False,https://www.ebay.com/sch/i.html?_sacat=0&LH_Sold=1&_udlo=&_udhi=&_samilow=&_samihi=&_sop=12&_dmd=1&_ipg=200&LH_Complete=1&_fosrp=1&_nkw=%22Papilio+protesilaus%22&rt=nc&LH_PrefLoc=2,0,1
Eurytides protesilaus,True,https://www.ebay.com/sch/i.html?_sacat=0&LH_Sold=1&_udlo=&_udhi=&_samilow=&_samihi=&_sop=12&_dmd=1&_ipg=200&LH_Complete=1&_fosrp=1&_nkw=%22Eurytides+protesilaus%22&rt=nc&LH_PrefLoc=2,5,1
Eurytides macrosilaus,False,https://www.ebay.com/sch/i.html?_sacat=0&LH_Sold=1&_udlo=&_udhi=&_samilow=&_samihi=&_sop=12&_dmd=1&_ipg=200&LH_Complete=1&_fosrp=1&_nkw=%22Eurytides+macrosilaus%22&rt=nc&LH_PrefLoc=2,0,1
Papilio nigricornis,True,https://www.ebay.com/sch/i.html?_sacat=0&LH_Sold=1&_udlo=&_udhi=&_samilow=&_samihi=&_sop=12&_dmd=1&_ipg=200&LH_Complete=1&_fosrp=1&_nkw=%22Papilio+nigricornis%22&rt=nc&LH_PrefLoc=2,1,1
Salamis duprei,False,https://www.ebay.com/sch/i.html?_sacat=0&LH_Sold=1&_udlo=&_udhi=&_samilow=&_samihi=&_sop=12&_dmd=1&_ipg=200&LH_Complete=1&_fosrp=1&_nkw=%22Salamis+duprei%22&rt=nc&LH_PrefLoc=2,0,1
Salamis anacardii,True,https://www.ebay.com/sch/i.html?_sacat=0&LH_Sold=1&_udlo=&_udhi=&_samilow=&_samihi=&_sop=12&_dmd=1&_ipg=200&LH_Complete=1&_fosrp=1&_nkw=%22Salamis+anacardii%22&rt=nc&LH_PrefLoc=2,1,1
Salamis parhassus,True,https://www.ebay.com/sch/i.html?_sacat=0&LH_Sold=1&_udlo=&_udhi=&_samilow=&_samihi=&_sop=12&_dmd=1&_ipg=200&LH_Complete=1&_fosrp=1&_nkw=%22Salamis+parhassus%22&rt=nc&LH_PrefLoc=2,8,1
Salamis temora,True,https://www.ebay.com/sch/i.html?_sacat=0&LH_Sold=1&_udlo=&_udhi=&_samilow=&_samihi=&_sop=12&_dmd=1&_ipg=200&LH_Complete=1&_fosrp=1&_nkw=%22Salamis+temora%22&rt=nc&LH_PrefLoc=2,3,1
Pseudacraea boisduvali,True,https://www.ebay.com/sch/i.html?_sacat=0&LH_Sold=1&_udlo=&_udhi=&_samilow=&_samihi=&_sop=12&_dmd=1&_ipg=200&LH_Complete=1&_fosrp=1&_nkw=%22Pseudacraea+boisduvali%22&rt=nc&LH_PrefLoc=2,4,1
Pseudacraea clarki,True,https://www.ebay.com/sch/i.html?_sacat=0&LH_Sold=1&_udlo=&_udhi=&_samilow=&_samihi=&_sop=12&_dmd=1&_ipg=200&LH_Complete=1&_fosrp=1&_nkw=%22Pseudacraea+clarki%22&rt=nc&LH_PrefLoc=2,1,1
Pseudochazara amymone,False,https://www.ebay.com/sch/i.html?_sacat=0&LH_Sold=1&_udlo=&_udhi=&_samilow=&_samihi=&_sop=12&_dmd=1&_ipg=200&LH_Complete=1&_fosrp=1&_nkw=%22Pseudochazara+amymone%22&rt=nc&LH_PrefLoc=2,0,1
Pseudochazara hippolyte,True,https://www.ebay.com/sch/i.html?_sacat=0&LH_Sold=1&_udlo=&_udhi=&_samilow=&_samihi=&_sop=12&_dmd=1&_ipg=200&LH_Complete=1&_fosrp=1&_nkw=%22Pseudochazara+hippolyte%22&rt=nc&LH_PrefLoc=2,3,1
Pseudochazara tisiphone,False,https://www.ebay.com/sch/i.html?_sacat=0&LH_Sold=1&_udlo=&_udhi=&_samilow=&_samihi=&_sop=12&_dmd=1&_ipg=200&LH_Complete=1&_fosrp=1&_nkw=%22Pseudochazara+tisiphone%22&rt=nc&LH_PrefLoc=2,0,1
Haetera hypaesia,True,https://www.ebay.com/sch/i.html?_sacat=0&LH_Sold=1&_udlo=&_udhi=&_samilow=&_samihi=&_sop=12&_dmd=1&_ipg=200&LH_Complete=1&_fosrp=1&_nkw=%22Haetera+hypaesia%22&rt=nc&LH_PrefLoc=2,2,1
Thecla damo,True,https://www.ebay.com/sch/i.html?_sacat=0&LH_Sold=1&_udlo=&_udhi=&_samilow=&_samihi=&_sop=12&_dmd=1&_ipg=200&LH_Complete=1&_fosrp=1&_nkw=%22Thecla+damo%22&rt=nc&LH_PrefLoc=2,20,1
Papilio ascolius,True,https://www.ebay.com/sch/i.html?_sacat=0&LH_Sold=1&_udlo=&_udhi=&_samilow=&_samihi=&_sop=12&_dmd=1&_ipg=200&LH_Complete=1&_fosrp=1&_nkw=%22Papilio+ascolius%22&rt=nc&LH_PrefLoc=2,6,1
Papilio bachus,True,https://www.ebay.com/sch/i.html?_sacat=0&LH_Sold=1&_udlo=&_udhi=&_samilow=&_samihi=&_sop=12&_dmd=1&_ipg=200&LH_Complete=1&_fosrp=1&_nkw=%22Papilio+bachus%22&rt=nc&LH_PrefLoc=2,3,1
Papilio birchallii,False,https://www.ebay.com/sch/i.html?_sacat=0&LH_Sold=1&_udlo=&_udhi=&_samilow=&_samihi=&_sop=12&_dmd=1&_ipg=200&LH_Complete=1&_fosrp=1&_nkw=%22Papilio+birchallii%22&rt=nc&LH_PrefLoc=2,0,1
Papilio birchalli,True,https://www.ebay.com/sch/i.html?_sacat=0&LH_Sold=1&_udlo=&_udhi=&_samilow=&_samihi=&_sop=12&_dmd=1&_ipg=200&LH_Complete=1&_fosrp=1&_nkw=%22Papilio+birchalli%22&rt=nc&LH_PrefLoc=2,1,1
Papilio cacicus,False,https://www.ebay.com/sch/i.html?_sacat=0&LH_Sold=1&_udlo=&_udhi=&_samilow=&_samihi=&_sop=12&_dmd=1&_ipg=200&LH_Complete=1&_fosrp=1&_nkw=%22Papilio+cacicus%22&rt=nc&LH_PrefLoc=2,0,1
Papilio canadensis,True,https://www.ebay.com/sch/i.html?_sacat=0&LH_Sold=1&_udlo=&_udhi=&_samilow=&_samihi=&_sop=12&_dmd=1&_ipg=200&LH_Complete=1&_fosrp=1&_nkw=%22Papilio+canadensis%22&rt=nc&LH_PrefLoc=2,1,1
Papilio esperanza,True,https://www.ebay.com/sch/i.html?_sacat=0&LH_Sold=1&_udlo=&_udhi=&_samilow=&_samihi=&_sop=12&_dmd=1&_ipg=200&LH_Complete=1&_fosrp=1&_nkw=%22Papilio+esperanza%22&rt=nc&LH_PrefLoc=2,1,1
Papilio eurymedon,True,https://www.ebay.com/sch/i.html?_sacat=0&LH_Sold=1&_udlo=&_udhi=&_samilow=&_samihi=&_sop=12&_dmd=1&_ipg=200&LH_Complete=1&_fosrp=1&_nkw=%22Papilio+eurymedon%22&rt=nc&LH_PrefLoc=2,3,1
Papilio euterpinus,True,https://www.ebay.com/sch/i.html?_sacat=0&LH_Sold=1&_udlo=&_udhi=&_samilow=&_samihi=&_sop=12&_dmd=1&_ipg=200&LH_Complete=1&_fosrp=1&_nkw=%22Papilio+euterpinus%22&rt=nc&LH_PrefLoc=2,4,1
Papilio garamas,True,https://www.ebay.com/sch/i.html?_sacat=0&LH_Sold=1&_udlo=&_udhi=&_samilow=&_samihi=&_sop=12&_dmd=1&_ipg=200&LH_Complete=1&_fosrp=1&_nkw=%22Papilio+garamas%22&rt=nc&LH_PrefLoc=2,9,1
Papilio turnus,False,https://www.ebay.com/sch/i.html?_sacat=0&LH_Sold=1&_udlo=&_udhi=&_samilow=&_samihi=&_sop=12&_dmd=1&_ipg=200&LH_Complete=1&_fosrp=1&_nkw=%22Papilio+turnus%22&rt=nc&LH_PrefLoc=2,0,1
Papilio antilochus,False,https://www.ebay.com/sch/i.html?_sacat=0&LH_Sold=1&_udlo=&_udhi=&_samilow=&_samihi=&_sop=12&_dmd=1&_ipg=200&LH_Complete=1&_fosrp=1&_nkw=%22Papilio+antilochus%22&rt=nc&LH_PrefLoc=2,0,1
Papilio glaucus,True,https://www.ebay.com/sch/i.html?_sacat=0&LH_Sold=1&_udlo=&_udhi=&_samilow=&_samihi=&_sop=12&_dmd=1&_ipg=200&LH_Complete=1&_fosrp=1&_nkw=%22Papilio+glaucus%22&rt=nc&LH_PrefLoc=2,16,1
Malus pumila,True,https://www.ebay.com/sch/i.html?_sacat=0&LH_Sold=1&_udlo=&_udhi=&_samilow=&_samihi=&_sop=12&_dmd=1&_ipg=200&LH_Complete=1&_fosrp=1&_nkw=%22Malus+pumila%22&rt=nc&LH_PrefLoc=2,6,1
Carpinus caroliniana,True,https://www.ebay.com/sch/i.html?_sacat=0&LH_Sold=1&_udlo=&_udhi=&_samilow=&_samihi=&_sop=12&_dmd=1&_ipg=200&LH_Complete=1&_fosrp=1&_nkw=%22Carpinus+caroliniana%22&rt=nc&LH_PrefLoc=2,5,1
Alnus incana,True,https://www.ebay.com/sch/i.html?_sacat=0&LH_Sold=1&_udlo=&_udhi=&_samilow=&_samihi=&_sop=12&_dmd=1&_ipg=200&LH_Complete=1&_fosrp=1&_nkw=%22Alnus+incana%22&rt=nc&LH_PrefLoc=2,2,1
Tilia americana,True,https://www.ebay.com/sch/i.html?_sacat=0&LH_Sold=1&_udlo=&_udhi=&_samilow=&_samihi=&_sop=12&_dmd=1&_ipg=200&LH_Complete=1&_fosrp=1&_nkw=%22Tilia+americana%22&rt=nc&LH_PrefLoc=2,5,1
Catalpa bignonioides,True,https://www.ebay.com/sch/i.html?_sacat=0&LH_Sold=1&_udlo=&_udhi=&_samilow=&_samihi=&_sop=12&_dmd=1&_ipg=200&LH_Complete=1&_fosrp=1&_nkw=%22Catalpa+bignonioides%22&rt=nc&LH_PrefLoc=2,7,1
Liriodendron tulipifera,True,https://www.ebay.com/sch/i.html?_sacat=0&LH_Sold=1&_udlo=&_udhi=&_samilow=&_samihi=&_sop=12&_dmd=1&_ipg=200&LH_Complete=1&_fosrp=1&_nkw=%22Liriodendron+tulipifera%22&rt=nc&LH_PrefLoc=2,17,1
Lindera benzoin,True,https://www.ebay.com/sch/i.html?_sacat=0&LH_Sold=1&_udlo=&_udhi=&_samilow=&_samihi=&_sop=12&_dmd=1&_ipg=200&LH_Complete=1&_fosrp=1&_nkw=%22Lindera+benzoin%22&rt=nc&LH_PrefLoc=2,12,1
Syringa vulgaris,True,https://www.ebay.com/sch/i.html?_sacat=0&LH_Sold=1&_udlo=&_udhi=&_samilow=&_samihi=&_sop=12&_dmd=1&_ipg=200&LH_Complete=1&_fosrp=1&_nkw=%22Syringa+vulgaris%22&rt=nc&LH_PrefLoc=2,15,1
Ptelea trifoliata,True,https://www.ebay.com/sch/i.html?_sacat=0&LH_Sold=1&_udlo=&_udhi=&_samilow=&_samihi=&_sop=12&_dmd=1&_ipg=200&LH_Complete=1&_fosrp=1&_nkw=%22Ptelea+trifoliata%22&rt=nc&LH_PrefLoc=2,4,1
Zanthoxylum americanum,True,https://www.ebay.com/sch/i.html?_sacat=0&LH_Sold=1&_udlo=&_udhi=&_samilow=&_samihi=&_sop=12&_dmd=1&_ipg=200&LH_Complete=1&_fosrp=1&_nkw=%22Zanthoxylum+americanum%22&rt=nc&LH_PrefLoc=2,3,1
Papilio hellanichus,False,https://www.ebay.com/sch/i.html?_sacat=0&LH_Sold=1&_udlo=&_udhi=&_samilow=&_samihi=&_sop=12&_dmd=1&_ipg=200&LH_Complete=1&_fosrp=1&_nkw=%22Papilio+hellanichus%22&rt=nc&LH_PrefLoc=2,0,1
Papilio homerus,True,https://www.ebay.com/sch/i.html?_sacat=0&LH_Sold=1&_udlo=&_udhi=&_samilow=&_samihi=&_sop=12&_dmd=1&_ipg=200&LH_Complete=1&_fosrp=1&_nkw=%22Papilio+homerus%22&rt=nc&LH_PrefLoc=2,1,1
Papilio coroebus,False,https://www.ebay.com/sch/i.html?_sacat=0&LH_Sold=1&_udlo=&_udhi=&_samilow=&_samihi=&_sop=12&_dmd=1&_ipg=200&LH_Complete=1&_fosrp=1&_nkw=%22Papilio+coroebus%22&rt=nc&LH_PrefLoc=2,0,1
Papilio multicaudata,True,https://www.ebay.com/sch/i.html?_sacat=0&LH_Sold=1&_udlo=&_udhi=&_samilow=&_samihi=&_sop=12&_dmd=1&_ipg=200&LH_Complete=1&_fosrp=1&_nkw=%22Papilio+multicaudata%22&rt=nc&LH_PrefLoc=2,35,1
Papilio pilumnus,True,https://www.ebay.com/sch/i.html?_sacat=0&LH_Sold=1&_udlo=&_udhi=&_samilow=&_samihi=&_sop=12&_dmd=1&_ipg=200&LH_Complete=1&_fosrp=1&_nkw=%22Papilio+pilumnus%22&rt=nc&LH_PrefLoc=2,2,1
Papilio rutulus,True,https://www.ebay.com/sch/i.html?_sacat=0&LH_Sold=1&_udlo=&_udhi=&_samilow=&_samihi=&_sop=12&_dmd=1&_ipg=200&LH_Complete=1&_fosrp=1&_nkw=%22Papilio+rutulus%22&rt=nc&LH_PrefLoc=2,8,1
Papilio scamander,True,https://www.ebay.com/sch/i.html?_sacat=0&LH_Sold=1&_udlo=&_udhi=&_samilow=&_samihi=&_sop=12&_dmd=1&_ipg=200&LH_Complete=1&_fosrp=1&_nkw=%22Papilio+scamander%22&rt=nc&LH_PrefLoc=2,2,1
Papilio troilus,True,https://www.ebay.com/sch/i.html?_sacat=0&LH_Sold=1&_udlo=&_udhi=&_samilow=&_samihi=&_sop=12&_dmd=1&_ipg=200&LH_Complete=1&_fosrp=1&_nkw=%22Papilio+troilus%22&rt=nc&LH_PrefLoc=2,11,1
Papilio warscewiczii,True,https://www.ebay.com/sch/i.html?_sacat=0&LH_Sold=1&_udlo=&_udhi=&_samilow=&_samihi=&_sop=12&_dmd=1&_ipg=200&LH_Complete=1&_fosrp=1&_nkw=%22Papilio+warscewiczii%22&rt=nc&LH_PrefLoc=2,1,1
Papilio warscewiczi,False,https://www.ebay.com/sch/i.html?_sacat=0&LH_Sold=1&_udlo=&_udhi=&_samilow=&_samihi=&_sop=12&_dmd=1&_ipg=200&LH_Complete=1&_fosrp=1&_nkw=%22Papilio+warscewiczi%22&rt=nc&LH_PrefLoc=2,0,1
Papilio xanthopleura,False,https://www.ebay.com/sch/i.html?_sacat=0&LH_Sold=1&_udlo=&_udhi=&_samilow=&_samihi=&_sop=12&_dmd=1&_ipg=200&LH_Complete=1&_fosrp=1&_nkw=%22Papilio+xanthopleura%22&rt=nc&LH_PrefLoc=2,0,1
Papilio zagreus,True,https://www.ebay.com/sch/i.html?_sacat=0&LH_Sold=1&_udlo=&_udhi=&_samilow=&_samihi=&_sop=12&_dmd=1&_ipg=200&LH_Complete=1&_fosrp=1&_nkw=%22Papilio+zagreus%22&rt=nc&LH_PrefLoc=2,9,1
Pyrgus alpinus,False,https://www.ebay.com/sch/i.html?_sacat=0&LH_Sold=1&_udlo=&_udhi=&_samilow=&_samihi=&_sop=12&_dmd=1&_ipg=200&LH_Complete=1&_fosrp=1&_nkw=%22Pyrgus+alpinus%22&rt=nc&LH_PrefLoc=2,0,1
Pyrgus accretus,False,https://www.ebay.com/sch/i.html?_sacat=0&LH_Sold=1&_udlo=&_udhi=&_samilow=&_samihi=&_sop=12&_dmd=1&_ipg=200&LH_Complete=1&_fosrp=1&_nkw=%22Pyrgus+accretus%22&rt=nc&LH_PrefLoc=2,0,1
Eurema leuce,False,https://www.ebay.com/sch/i.html?_sacat=0&LH_Sold=1&_udlo=&_udhi=&_samilow=&_samihi=&_sop=12&_dmd=1&_ipg=200&LH_Complete=1&_fosrp=1&_nkw=%22Eurema+leuce%22&rt=nc&LH_PrefLoc=2,0,1
Eurema lisa,False,https://www.ebay.com/sch/i.html?_sacat=0&LH_Sold=1&_udlo=&_udhi=&_samilow=&_samihi=&_sop=12&_dmd=1&_ipg=200&LH_Complete=1&_fosrp=1&_nkw=%22Eurema+lisa%22&rt=nc&LH_PrefLoc=2,0,1
Terias lisa,False,https://www.ebay.com/sch/i.html?_sacat=0&LH_Sold=1&_udlo=&_udhi=&_samilow=&_samihi=&_sop=12&_dmd=1&_ipg=200&LH_Complete=1&_fosrp=1&_nkw=%22Terias+lisa%22&rt=nc&LH_PrefLoc=2,0,1
Eurema proterpia,True,https://www.ebay.com/sch/i.html?_sacat=0&LH_Sold=1&_udlo=&_udhi=&_samilow=&_samihi=&_sop=12&_dmd=1&_ipg=200&LH_Complete=1&_fosrp=1&_nkw=%22Eurema+proterpia%22&rt=nc&LH_PrefLoc=2,3,1
Rapala betuloides,False,https://www.ebay.com/sch/i.html?_sacat=0&LH_Sold=1&_udlo=&_udhi=&_samilow=&_samihi=&_sop=12&_dmd=1&_ipg=200&LH_Complete=1&_fosrp=1&_nkw=%22Rapala+betuloides%22&rt=nc&LH_PrefLoc=2,0,1
Ravenna nivea,True,https://www.ebay.com/sch/i.html?_sacat=0&LH_Sold=1&_udlo=&_udhi=&_samilow=&_samihi=&_sop=12&_dmd=1&_ipg=200&LH_Complete=1&_fosrp=1&_nkw=%22Ravenna+nivea%22&rt=nc&LH_PrefLoc=2,2,1
Phoebis trite,True,https://www.ebay.com/sch/i.html?_sacat=0&LH_Sold=1&_udlo=&_udhi=&_samilow=&_samihi=&_sop=12&_dmd=1&_ipg=200&LH_Complete=1&_fosrp=1&_nkw=%22Phoebis+trite%22&rt=nc&LH_PrefLoc=2,5,1
Saletara obina,False,https://www.ebay.com/sch/i.html?_sacat=0&LH_Sold=1&_udlo=&_udhi=&_samilow=&_samihi=&_sop=12&_dmd=1&_ipg=200&LH_Complete=1&_fosrp=1&_nkw=%22Saletara+obina%22&rt=nc&LH_PrefLoc=2,0,1
Saletaria liberia,False,https://www.ebay.com/sch/i.html?_sacat=0&LH_Sold=1&_udlo=&_udhi=&_samilow=&_samihi=&_sop=12&_dmd=1&_ipg=200&LH_Complete=1&_fosrp=1&_nkw=%22Saletaria+liberia%22&rt=nc&LH_PrefLoc=2,0,1
Papilio telegonus,True,https://www.ebay.com/sch/i.html?_sacat=0&LH_Sold=1&_udlo=&_udhi=&_samilow=&_samihi=&_sop=12&_dmd=1&_ipg=200&LH_Complete=1&_fosrp=1&_nkw=%22Papilio+telegonus%22&rt=nc&LH_PrefLoc=2,2,1
Sabina sabina,True,https://www.ebay.com/sch/i.html?_sacat=0&LH_Sold=1&_udlo=&_udhi=&_samilow=&_samihi=&_sop=12&_dmd=1&_ipg=200&LH_Complete=1&_fosrp=1&_nkw=%22Sabina+sabina%22&rt=nc&LH_PrefLoc=2,2,1
Satyrium acaudatum,False,https://www.ebay.com/sch/i.html?_sacat=0&LH_Sold=1&_udlo=&_udhi=&_samilow=&_samihi=&_sop=12&_dmd=1&_ipg=200&LH_Complete=1&_fosrp=1&_nkw=%22Satyrium+acaudatum%22&rt=nc&LH_PrefLoc=2,0,1
Neolycaena davidi,False,https://www.ebay.com/sch/i.html?_sacat=0&LH_Sold=1&_udlo=&_udhi=&_samilow=&_samihi=&_sop=12&_dmd=1&_ipg=200&LH_Complete=1&_fosrp=1&_nkw=%22Neolycaena+davidi%22&rt=nc&LH_PrefLoc=2,0,1
Neolycaena carbonaria,False,https://www.ebay.com/sch/i.html?_sacat=0&LH_Sold=1&_udlo=&_udhi=&_samilow=&_samihi=&_sop=12&_dmd=1&_ipg=200&LH_Complete=1&_fosrp=1&_nkw=%22Neolycaena+carbonaria%22&rt=nc&LH_PrefLoc=2,0,1
Satyrium eximium,False,https://www.ebay.com/sch/i.html?_sacat=0&LH_Sold=1&_udlo=&_udhi=&_samilow=&_samihi=&_sop=12&_dmd=1&_ipg=200&LH_Complete=1&_fosrp=1&_nkw=%22Satyrium+eximium%22&rt=nc&LH_PrefLoc=2,0,1
Neolycaena medea,False,https://www.ebay.com/sch/i.html?_sacat=0&LH_Sold=1&_udlo=&_udhi=&_samilow=&_samihi=&_sop=12&_dmd=1&_ipg=200&LH_Complete=1&_fosrp=1&_nkw=%22Neolycaena+medea%22&rt=nc&LH_PrefLoc=2,0,1
Papilio pruni,False,https://www.ebay.com/sch/i.html?_sacat=0&LH_Sold=1&_udlo=&_udhi=&_samilow=&_samihi=&_sop=12&_dmd=1&_ipg=200&LH_Complete=1&_fosrp=1&_nkw=%22Papilio+pruni%22&rt=nc&LH_PrefLoc=2,0,1
Satyrus amasinus,False,https://www.ebay.com/sch/i.html?_sacat=0&LH_Sold=1&_udlo=&_udhi=&_samilow=&_samihi=&_sop=12&_dmd=1&_ipg=200&LH_Complete=1&_fosrp=1&_nkw=%22Satyrus+amasinus%22&rt=nc&LH_PrefLoc=2,0,1
Pseudophilotes barbagiae,False,https://www.ebay.com/sch/i.html?_sacat=0&LH_Sold=1&_udlo=&_udhi=&_samilow=&_samihi=&_sop=12&_dmd=1&_ipg=200&LH_Complete=1&_fosrp=1&_nkw=%22Pseudophilotes+barbagiae%22&rt=nc&LH_PrefLoc=2,0,1
Pseudophilotes baton,False,https://www.ebay.com/sch/i.html?_sacat=0&LH_Sold=1&_udlo=&_udhi=&_samilow=&_samihi=&_sop=12&_dmd=1&_ipg=200&LH_Complete=1&_fosrp=1&_nkw=%22Pseudophilotes+baton%22&rt=nc&LH_PrefLoc=2,0,1
Pseudophilotes vicrama,True,https://www.ebay.com/sch/i.html?_sacat=0&LH_Sold=1&_udlo=&_udhi=&_samilow=&_samihi=&_sop=12&_dmd=1&_ipg=200&LH_Complete=1&_fosrp=1&_nkw=%22Pseudophilotes+vicrama%22&rt=nc&LH_PrefLoc=2,3,1
Sericinus montelus,True,https://www.ebay.com/sch/i.html?_sacat=0&LH_Sold=1&_udlo=&_udhi=&_samilow=&_samihi=&_sop=12&_dmd=1&_ipg=200&LH_Complete=1&_fosrp=1&_nkw=%22Sericinus+montelus%22&rt=nc&LH_PrefLoc=2,4,1
Sericinus telamon,True,https://www.ebay.com/sch/i.html?_sacat=0&LH_Sold=1&_udlo=&_udhi=&_samilow=&_samihi=&_sop=12&_dmd=1&_ipg=200&LH_Complete=1&_fosrp=1&_nkw=%22Sericinus+telamon%22&rt=nc&LH_PrefLoc=2,2,1
Siderone ide,False,https://www.ebay.com/sch/i.html?_sacat=0&LH_Sold=1&_udlo=&_udhi=&_samilow=&_samihi=&_sop=12&_dmd=1&_ipg=200&LH_Complete=1&_fosrp=1&_nkw=%22Siderone+ide%22&rt=nc&LH_PrefLoc=2,0,1
Siderone thebais,False,https://www.ebay.com/sch/i.html?_sacat=0&LH_Sold=1&_udlo=&_udhi=&_samilow=&_samihi=&_sop=12&_dmd=1&_ipg=200&LH_Complete=1&_fosrp=1&_nkw=%22Siderone+thebais%22&rt=nc&LH_PrefLoc=2,0,1
Anaea marthesia,False,https://www.ebay.com/sch/i.html?_sacat=0&LH_Sold=1&_udlo=&_udhi=&_samilow=&_samihi=&_sop=12&_dmd=1&_ipg=200&LH_Complete=1&_fosrp=1&_nkw=%22Anaea+marthesia%22&rt=nc&LH_PrefLoc=2,0,1
Siderone nemesis,True,https://www.ebay.com/sch/i.html?_sacat=0&LH_Sold=1&_udlo=&_udhi=&_samilow=&_samihi=&_sop=12&_dmd=1&_ipg=200&LH_Complete=1&_fosrp=1&_nkw=%22Siderone+nemesis%22&rt=nc&LH_PrefLoc=2,13,1
Siderone mars,False,https://www.ebay.com/sch/i.html?_sacat=0&LH_Sold=1&_udlo=&_udhi=&_samilow=&_samihi=&_sop=12&_dmd=1&_ipg=200&LH_Complete=1&_fosrp=1&_nkw=%22Siderone+mars%22&rt=nc&LH_PrefLoc=2,0,1
Sinonympha amoena,True,https://www.ebay.com/sch/i.html?_sacat=0&LH_Sold=1&_udlo=&_udhi=&_samilow=&_samihi=&_sop=12&_dmd=1&_ipg=200&LH_Complete=1&_fosrp=1&_nkw=%22Sinonympha+amoena%22&rt=nc&LH_PrefLoc=2,1,1
Victorina steneles,False,https://www.ebay.com/sch/i.html?_sacat=0&LH_Sold=1&_udlo=&_udhi=&_samilow=&_samihi=&_sop=12&_dmd=1&_ipg=200&LH_Complete=1&_fosrp=1&_nkw=%22Victorina+steneles%22&rt=nc&LH_PrefLoc=2,0,1
Metamorpha stelenes,False,https://www.ebay.com/sch/i.html?_sacat=0&LH_Sold=1&_udlo=&_udhi=&_samilow=&_samihi=&_sop=12&_dmd=1&_ipg=200&LH_Complete=1&_fosrp=1&_nkw=%22Metamorpha+stelenes%22&rt=nc&LH_PrefLoc=2,0,1
Victorina stelenes,True,https://www.ebay.com/sch/i.html?_sacat=0&LH_Sold=1&_udlo=&_udhi=&_samilow=&_samihi=&_sop=12&_dmd=1&_ipg=200&LH_Complete=1&_fosrp=1&_nkw=%22Victorina+stelenes%22&rt=nc&LH_PrefLoc=2,1,1
Ipomoea stolonifera,False,https://www.ebay.com/sch/i.html?_sacat=0&LH_Sold=1&_udlo=&_udhi=&_samilow=&_samihi=&_sop=12&_dmd=1&_ipg=200&LH_Complete=1&_fosrp=1&_nkw=%22Ipomoea+stolonifera%22&rt=nc&LH_PrefLoc=2,0,1
Aphnaeus (),True,https://www.ebay.com/sch/i.html?_sacat=0&LH_Sold=1&_udlo=&_udhi=&_samilow=&_samihi=&_sop=12&_dmd=1&_ipg=200&LH_Complete=1&_fosrp=1&_nkw=%22Aphnaeus+()%22&rt=nc&LH_PrefLoc=2,3,1
Iolaus marmorea,False,https://www.ebay.com/sch/i.html?_sacat=0&LH_Sold=1&_udlo=&_udhi=&_samilow=&_samihi=&_sop=12&_dmd=1&_ipg=200&LH_Complete=1&_fosrp=1&_nkw=%22Iolaus+marmorea%22&rt=nc&LH_PrefLoc=2,0,1
Washingtonia filifera,True,https://www.ebay.com/sch/i.html?_sacat=0&LH_Sold=1&_udlo=&_udhi=&_samilow=&_samihi=&_sop=12&_dmd=1&_ipg=200&LH_Complete=1&_fosrp=1&_nkw=%22Washingtonia+filifera%22&rt=nc&LH_PrefLoc=2,23,1
Mynes anemone,False,https://www.ebay.com/sch/i.html?_sacat=0&LH_Sold=1&_udlo=&_udhi=&_samilow=&_samihi=&_sop=12&_dmd=1&_ipg=200&LH_Complete=1&_fosrp=1&_nkw=%22Mynes+anemone%22&rt=nc&LH_PrefLoc=2,0,1
Symbrenthia leoparda,False,https://www.ebay.com/sch/i.html?_sacat=0&LH_Sold=1&_udlo=&_udhi=&_samilow=&_samihi=&_sop=12&_dmd=1&_ipg=200&LH_Complete=1&_fosrp=1&_nkw=%22Symbrenthia+leoparda%22&rt=nc&LH_PrefLoc=2,0,1
Mynes sestia,False,https://www.ebay.com/sch/i.html?_sacat=0&LH_Sold=1&_udlo=&_udhi=&_samilow=&_samihi=&_sop=12&_dmd=1&_ipg=200&LH_Complete=1&_fosrp=1&_nkw=%22Mynes+sestia%22&rt=nc&LH_PrefLoc=2,0,1
Mynes geoffroyi,True,https://www.ebay.com/sch/i.html?_sacat=0&LH_Sold=1&_udlo=&_udhi=&_samilow=&_samihi=&_sop=12&_dmd=1&_ipg=200&LH_Complete=1&_fosrp=1&_nkw=%22Mynes+geoffroyi%22&rt=nc&LH_PrefLoc=2,6,1
Common Jester,False,https://www.ebay.com/sch/i.html?_sacat=0&LH_Sold=1&_udlo=&_udhi=&_samilow=&_samihi=&_sop=12&_dmd=1&_ipg=200&LH_Complete=1&_fosrp=1&_nkw=%22Common+Jester%22&rt=nc&LH_PrefLoc=2,0,1
Mynes websteri,False,https://www.ebay.com/sch/i.html?_sacat=0&LH_Sold=1&_udlo=&_udhi=&_samilow=&_samihi=&_sop=12&_dmd=1&_ipg=200&LH_Complete=1&_fosrp=1&_nkw=%22Mynes+websteri%22&rt=nc&LH_PrefLoc=2,0,1
Nymula agle,False,https://www.ebay.com/sch/i.html?_sacat=0&LH_Sold=1&_udlo=&_udhi=&_samilow=&_samihi=&_sop=12&_dmd=1&_ipg=200&LH_Complete=1&_fosrp=1&_nkw=%22Nymula+agle%22&rt=nc&LH_PrefLoc=2,0,1
Drusilla mylaecha,False,https://www.ebay.com/sch/i.html?_sacat=0&LH_Sold=1&_udlo=&_udhi=&_samilow=&_samihi=&_sop=12&_dmd=1&_ipg=200&LH_Complete=1&_fosrp=1&_nkw=%22Drusilla+mylaecha%22&rt=nc&LH_PrefLoc=2,0,1
Taenaris horsfieldii,True,https://www.ebay.com/sch/i.html?_sacat=0&LH_Sold=1&_udlo=&_udhi=&_samilow=&_samihi=&_sop=12&_dmd=1&_ipg=200&LH_Complete=1&_fosrp=1&_nkw=%22Taenaris+horsfieldii%22&rt=nc&LH_PrefLoc=2,2,1
Morphotenaris schoenbergi,False,https://www.ebay.com/sch/i.html?_sacat=0&LH_Sold=1&_udlo=&_udhi=&_samilow=&_samihi=&_sop=12&_dmd=1&_ipg=200&LH_Complete=1&_fosrp=1&_nkw=%22Morphotenaris+schoenbergi%22&rt=nc&LH_PrefLoc=2,0,1
Morphotaenaris schoenbergi,False,https://www.ebay.com/sch/i.html?_sacat=0&LH_Sold=1&_udlo=&_udhi=&_samilow=&_samihi=&_sop=12&_dmd=1&_ipg=200&LH_Complete=1&_fosrp=1&_nkw=%22Morphotaenaris+schoenbergi%22&rt=nc&LH_PrefLoc=2,0,1
Papilio urania,False,https://www.ebay.com/sch/i.html?_sacat=0&LH_Sold=1&_udlo=&_udhi=&_samilow=&_samihi=&_sop=12&_dmd=1&_ipg=200&LH_Complete=1&_fosrp=1&_nkw=%22Papilio+urania%22&rt=nc&LH_PrefLoc=2,0,1
Careya arborea,False,https://www.ebay.com/sch/i.html?_sacat=0&LH_Sold=1&_udlo=&_udhi=&_samilow=&_samihi=&_sop=12&_dmd=1&_ipg=200&LH_Complete=1&_fosrp=1&_nkw=%22Careya+arborea%22&rt=nc&LH_PrefLoc=2,0,1
Euthalia lepidea,False,https://www.ebay.com/sch/i.html?_sacat=0&LH_Sold=1&_udlo=&_udhi=&_samilow=&_samihi=&_sop=12&_dmd=1&_ipg=200&LH_Complete=1&_fosrp=1&_nkw=%22Euthalia+lepidea%22&rt=nc&LH_PrefLoc=2,0,1
Tarucus balcanicus,False,https://www.ebay.com/sch/i.html?_sacat=0&LH_Sold=1&_udlo=&_udhi=&_samilow=&_samihi=&_sop=12&_dmd=1&_ipg=200&LH_Complete=1&_fosrp=1&_nkw=%22Tarucus+balcanicus%22&rt=nc&LH_PrefLoc=2,0,1
Tarucus balkanicus,False,https://www.ebay.com/sch/i.html?_sacat=0&LH_Sold=1&_udlo=&_udhi=&_samilow=&_samihi=&_sop=12&_dmd=1&_ipg=200&LH_Complete=1&_fosrp=1&_nkw=%22Tarucus+balkanicus%22&rt=nc&LH_PrefLoc=2,0,1
Tatinga thibetana,False,https://www.ebay.com/sch/i.html?_sacat=0&LH_Sold=1&_udlo=&_udhi=&_samilow=&_samihi=&_sop=12&_dmd=1&_ipg=200&LH_Complete=1&_fosrp=1&_nkw=%22Tatinga+thibetana%22&rt=nc&LH_PrefLoc=2,0,1
Telipna bimacula,False,https://www.ebay.com/sch/i.html?_sacat=0&LH_Sold=1&_udlo=&_udhi=&_samilow=&_samihi=&_sop=12&_dmd=1&_ipg=200&LH_Complete=1&_fosrp=1&_nkw=%22Telipna+bimacula%22&rt=nc&LH_PrefLoc=2,0,1
Temenis violetta,False,https://www.ebay.com/sch/i.html?_sacat=0&LH_Sold=1&_udlo=&_udhi=&_samilow=&_samihi=&_sop=12&_dmd=1&_ipg=200&LH_Complete=1&_fosrp=1&_nkw=%22Temenis+violetta%22&rt=nc&LH_PrefLoc=2,0,1
Colotis agoye,False,https://www.ebay.com/sch/i.html?_sacat=0&LH_Sold=1&_udlo=&_udhi=&_samilow=&_samihi=&_sop=12&_dmd=1&_ipg=200&LH_Complete=1&_fosrp=1&_nkw=%22Colotis+agoye%22&rt=nc&LH_PrefLoc=2,0,1
Colotis eris,True,https://www.ebay.com/sch/i.html?_sacat=0&LH_Sold=1&_udlo=&_udhi=&_samilow=&_samihi=&_sop=12&_dmd=1&_ipg=200&LH_Complete=1&_fosrp=1&_nkw=%22Colotis+eris%22&rt=nc&LH_PrefLoc=2,5,1
Royal Assyrian,False,https://www.ebay.com/sch/i.html?_sacat=0&LH_Sold=1&_udlo=&_udhi=&_samilow=&_samihi=&_sop=12&_dmd=1&_ipg=200&LH_Complete=1&_fosrp=1&_nkw=%22Royal+Assyrian%22&rt=nc&LH_PrefLoc=2,0,1
Papilio betulae,False,https://www.ebay.com/sch/i.html?_sacat=0&LH_Sold=1&_udlo=&_udhi=&_samilow=&_samihi=&_sop=12&_dmd=1&_ipg=200&LH_Complete=1&_fosrp=1&_nkw=%22Papilio+betulae%22&rt=nc&LH_PrefLoc=2,0,1
Zephyrus betulae,False,https://www.ebay.com/sch/i.html?_sacat=0&LH_Sold=1&_udlo=&_udhi=&_samilow=&_samihi=&_sop=12&_dmd=1&_ipg=200&LH_Complete=1&_fosrp=1&_nkw=%22Zephyrus+betulae%22&rt=nc&LH_PrefLoc=2,0,1
Callizona acesta,True,https://www.ebay.com/sch/i.html?_sacat=0&LH_Sold=1&_udlo=&_udhi=&_samilow=&_samihi=&_sop=12&_dmd=1&_ipg=200&LH_Complete=1&_fosrp=1&_nkw=%22Callizona+acesta%22&rt=nc&LH_PrefLoc=2,1,1
Asclepias spp.,False,https://www.ebay.com/sch/i.html?_sacat=0&LH_Sold=1&_udlo=&_udhi=&_samilow=&_samihi=&_sop=12&_dmd=1&_ipg=200&LH_Complete=1&_fosrp=1&_nkw=%22Asclepias+spp.%22&rt=nc&LH_PrefLoc=2,0,1
Crotalaria retusa,False,https://www.ebay.com/sch/i.html?_sacat=0&LH_Sold=1&_udlo=&_udhi=&_samilow=&_samihi=&_sop=12&_dmd=1&_ipg=200&LH_Complete=1&_fosrp=1&_nkw=%22Crotalaria+retusa%22&rt=nc&LH_PrefLoc=2,0,1
Lotus hispidus,False,https://www.ebay.com/sch/i.html?_sacat=0&LH_Sold=1&_udlo=&_udhi=&_samilow=&_samihi=&_sop=12&_dmd=1&_ipg=200&LH_Complete=1&_fosrp=1&_nkw=%22Lotus+hispidus%22&rt=nc&LH_PrefLoc=2,0,1
Ornithoptera brookiana,True,https://www.ebay.com/sch/i.html?_sacat=0&LH_Sold=1&_udlo=&_udhi=&_samilow=&_samihi=&_sop=12&_dmd=1&_ipg=200&LH_Complete=1&_fosrp=1&_nkw=%22Ornithoptera+brookiana%22&rt=nc&LH_PrefLoc=2,1,1
Troides brookiana,True,https://www.ebay.com/sch/i.html?_sacat=0&LH_Sold=1&_udlo=&_udhi=&_samilow=&_samihi=&_sop=12&_dmd=1&_ipg=200&LH_Complete=1&_fosrp=1&_nkw=%22Troides+brookiana%22&rt=nc&LH_PrefLoc=2,1,1
Papilio amphrysus,False,https://www.ebay.com/sch/i.html?_sacat=0&LH_Sold=1&_udlo=&_udhi=&_samilow=&_samihi=&_sop=12&_dmd=1&_ipg=200&LH_Complete=1&_fosrp=1&_nkw=%22Papilio+amphrysus%22&rt=nc&LH_PrefLoc=2,0,1
Ornithoptera chimaera,True,https://www.ebay.com/sch/i.html?_sacat=0&LH_Sold=1&_udlo=&_udhi=&_samilow=&_samihi=&_sop=12&_dmd=1&_ipg=200&LH_Complete=1&_fosrp=1&_nkw=%22Ornithoptera+chimaera%22&rt=nc&LH_PrefLoc=2,2,1
Ornithoptera croesus,True,https://www.ebay.com/sch/i.html?_sacat=0&LH_Sold=1&_udlo=&_udhi=&_samilow=&_samihi=&_sop=12&_dmd=1&_ipg=200&LH_Complete=1&_fosrp=1&_nkw=%22Ornithoptera+croesus%22&rt=nc&LH_PrefLoc=2,43,1
Ornithoptera samson,False,https://www.ebay.com/sch/i.html?_sacat=0&LH_Sold=1&_udlo=&_udhi=&_samilow=&_samihi=&_sop=12&_dmd=1&_ipg=200&LH_Complete=1&_fosrp=1&_nkw=%22Ornithoptera+samson%22&rt=nc&LH_PrefLoc=2,0,1
Ornithoptera goliath,True,https://www.ebay.com/sch/i.html?_sacat=0&LH_Sold=1&_udlo=&_udhi=&_samilow=&_samihi=&_sop=12&_dmd=1&_ipg=200&LH_Complete=1&_fosrp=1&_nkw=%22Ornithoptera+goliath%22&rt=nc&LH_PrefLoc=2,52,1
Papilio hypolitus,False,https://www.ebay.com/sch/i.html?_sacat=0&LH_Sold=1&_udlo=&_udhi=&_samilow=&_samihi=&_sop=12&_dmd=1&_ipg=200&LH_Complete=1&_fosrp=1&_nkw=%22Papilio+hypolitus%22&rt=nc&LH_PrefLoc=2,0,1
Ornithoptera meridionalis,True,https://www.ebay.com/sch/i.html?_sacat=0&LH_Sold=1&_udlo=&_udhi=&_samilow=&_samihi=&_sop=12&_dmd=1&_ipg=200&LH_Complete=1&_fosrp=1&_nkw=%22Ornithoptera+meridionalis%22&rt=nc&LH_PrefLoc=2,1,1
Ornithoptera paradisea,True,https://www.ebay.com/sch/i.html?_sacat=0&LH_Sold=1&_udlo=&_udhi=&_samilow=&_samihi=&_sop=12&_dmd=1&_ipg=200&LH_Complete=1&_fosrp=1&_nkw=%22Ornithoptera+paradisea%22&rt=nc&LH_PrefLoc=2,11,1
Ornithoptera gebeensis,False,https://www.ebay.com/sch/i.html?_sacat=0&LH_Sold=1&_udlo=&_udhi=&_samilow=&_samihi=&_sop=12&_dmd=1&_ipg=200&LH_Complete=1&_fosrp=1&_nkw=%22Ornithoptera+gebeensis%22&rt=nc&LH_PrefLoc=2,0,1
Ornithoptera poseidon,False,https://www.ebay.com/sch/i.html?_sacat=0&LH_Sold=1&_udlo=&_udhi=&_samilow=&_samihi=&_sop=12&_dmd=1&_ipg=200&LH_Complete=1&_fosrp=1&_nkw=%22Ornithoptera+poseidon%22&rt=nc&LH_PrefLoc=2,0,11
Papilio urvillianus,False,https://www.ebay.com/sch/i.html?_sacat=0&LH_Sold=1&_udlo=&_udhi=&_samilow=&_samihi=&_sop=12&_dmd=1&_ipg=200&LH_Complete=1&_fosrp=1&_nkw=%22Papilio+urvillianus%22&rt=nc&LH_PrefLoc=2,0,1
Papilio priamus,True,https://www.ebay.com/sch/i.html?_sacat=0&LH_Sold=1&_udlo=&_udhi=&_samilow=&_samihi=&_sop=12&_dmd=1&_ipg=200&LH_Complete=1&_fosrp=1&_nkw=%22Papilio+priamus%22&rt=nc&LH_PrefLoc=2,2,1
Ornithoptera priamus,True,https://www.ebay.com/sch/i.html?_sacat=0&LH_Sold=1&_udlo=&_udhi=&_samilow=&_samihi=&_sop=12&_dmd=1&_ipg=200&LH_Complete=1&_fosrp=1&_nkw=%22Ornithoptera+priamus%22&rt=nc&LH_PrefLoc=2,166,1
Ornithoptera urvillianus,True,https://www.ebay.com/sch/i.html?_sacat=0&LH_Sold=1&_udlo=&_udhi=&_samilow=&_samihi=&_sop=12&_dmd=1&_ipg=200&LH_Complete=1&_fosrp=1&_nkw=%22Ornithoptera+urvillianus%22&rt=nc&LH_PrefLoc=2,13,1
Ornithoptera euphorion,False,https://www.ebay.com/sch/i.html?_sacat=0&LH_Sold=1&_udlo=&_udhi=&_samilow=&_samihi=&_sop=12&_dmd=1&_ipg=200&LH_Complete=1&_fosrp=1&_nkw=%22Ornithoptera+euphorion%22&rt=nc&LH_PrefLoc=2,0,1
Papilio rhadamantus,True,https://www.ebay.com/sch/i.html?_sacat=0&LH_Sold=1&_udlo=&_udhi=&_samilow=&_samihi=&_sop=12&_dmd=1&_ipg=200&LH_Complete=1&_fosrp=1&_nkw=%22Papilio+rhadamantus%22&rt=nc&LH_PrefLoc=2,4,1
Troides cuneifera,True,https://www.ebay.com/sch/i.html?_sacat=0&LH_Sold=1&_udlo=&_udhi=&_samilow=&_samihi=&_sop=12&_dmd=1&_ipg=200&LH_Complete=1&_fosrp=1&_nkw=%22Troides+cuneifera%22&rt=nc&LH_PrefLoc=2,10,1
Ornithoptera rothschildi,True,https://www.ebay.com/sch/i.html?_sacat=0&LH_Sold=1&_udlo=&_udhi=&_samilow=&_samihi=&_sop=12&_dmd=1&_ipg=200&LH_Complete=1&_fosrp=1&_nkw=%22Ornithoptera+rothschildi%22&rt=nc&LH_PrefLoc=2,30,1
Ornithoptera tithonus,True,https://www.ebay.com/sch/i.html?_sacat=0&LH_Sold=1&_udlo=&_udhi=&_samilow=&_samihi=&_sop=12&_dmd=1&_ipg=200&LH_Complete=1&_fosrp=1&_nkw=%22Ornithoptera+tithonus%22&rt=nc&LH_PrefLoc=2,11,1
Papilio victoriae,False,https://www.ebay.com/sch/i.html?_sacat=0&LH_Sold=1&_udlo=&_udhi=&_samilow=&_samihi=&_sop=12&_dmd=1&_ipg=200&LH_Complete=1&_fosrp=1&_nkw=%22Papilio+victoriae%22&rt=nc&LH_PrefLoc=2,0,1
Ornithoptera victoriae,True,https://www.ebay.com/sch/i.html?_sacat=0&LH_Sold=1&_udlo=&_udhi=&_samilow=&_samihi=&_sop=12&_dmd=1&_ipg=200&LH_Complete=1&_fosrp=1&_nkw=%22Ornithoptera+victoriae%22&rt=nc&LH_PrefLoc=2,19,1
Turanana laspura,False,https://www.ebay.com/sch/i.html?_sacat=0&LH_Sold=1&_udlo=&_udhi=&_samilow=&_samihi=&_sop=12&_dmd=1&_ipg=200&LH_Complete=1&_fosrp=1&_nkw=%22Turanana+laspura%22&rt=nc&LH_PrefLoc=2,0,1
Udara albocaerulea,False,https://www.ebay.com/sch/i.html?_sacat=0&LH_Sold=1&_udlo=&_udhi=&_samilow=&_samihi=&_sop=12&_dmd=1&_ipg=200&LH_Complete=1&_fosrp=1&_nkw=%22Udara+albocaerulea%22&rt=nc&LH_PrefLoc=2,0,1
Udara dilecta,True,https://www.ebay.com/sch/i.html?_sacat=0&LH_Sold=1&_udlo=&_udhi=&_samilow=&_samihi=&_sop=12&_dmd=1&_ipg=200&LH_Complete=1&_fosrp=1&_nkw=%22Udara+dilecta%22&rt=nc&LH_PrefLoc=2,3,1
Desmodium incanum,False,https://www.ebay.com/sch/i.html?_sacat=0&LH_Sold=1&_udlo=&_udhi=&_samilow=&_samihi=&_sop=12&_dmd=1&_ipg=200&LH_Complete=1&_fosrp=1&_nkw=%22Desmodium+incanum%22&rt=nc&LH_PrefLoc=2,0,1
Pyrameis atalanta,False,https://www.ebay.com/sch/i.html?_sacat=0&LH_Sold=1&_udlo=&_udhi=&_samilow=&_samihi=&_sop=12&_dmd=1&_ipg=200&LH_Complete=1&_fosrp=1&_nkw=%22Pyrameis+atalanta%22&rt=nc&LH_PrefLoc=2,0,1
Vanessa vulcania,True,https://www.ebay.com/sch/i.html?_sacat=0&LH_Sold=1&_udlo=&_udhi=&_samilow=&_samihi=&_sop=12&_dmd=1&_ipg=200&LH_Complete=1&_fosrp=1&_nkw=%22Vanessa+vulcania%22&rt=nc&LH_PrefLoc=2,2,1
Pyrameis caryae,False,https://www.ebay.com/sch/i.html?_sacat=0&LH_Sold=1&_udlo=&_udhi=&_samilow=&_samihi=&_sop=12&_dmd=1&_ipg=200&LH_Complete=1&_fosrp=1&_nkw=%22Pyrameis+caryae%22&rt=nc&LH_PrefLoc=2,0,1
Vanessa dejeani,True,https://www.ebay.com/sch/i.html?_sacat=0&LH_Sold=1&_udlo=&_udhi=&_samilow=&_samihi=&_sop=12&_dmd=1&_ipg=200&LH_Complete=1&_fosrp=1&_nkw=%22Vanessa+dejeani%22&rt=nc&LH_PrefLoc=2,2,1
Antanartia dimorphica,False,https://www.ebay.com/sch/i.html?_sacat=0&LH_Sold=1&_udlo=&_udhi=&_samilow=&_samihi=&_sop=12&_dmd=1&_ipg=200&LH_Complete=1&_fosrp=1&_nkw=%22Antanartia+dimorphica%22&rt=nc&LH_PrefLoc=2,0,1
Bassaris gonerilla,False,https://www.ebay.com/sch/i.html?_sacat=0&LH_Sold=1&_udlo=&_udhi=&_samilow=&_samihi=&_sop=12&_dmd=1&_ipg=200&LH_Complete=1&_fosrp=1&_nkw=%22Bassaris+gonerilla%22&rt=nc&LH_PrefLoc=2,0,1
Cynthia adina,False,https://www.ebay.com/sch/i.html?_sacat=0&LH_Sold=1&_udlo=&_udhi=&_samilow=&_samihi=&_sop=12&_dmd=1&_ipg=200&LH_Complete=1&_fosrp=1&_nkw=%22Cynthia+adina%22&rt=nc&LH_PrefLoc=2,0,1
Cynthia montana,False,https://www.ebay.com/sch/i.html?_sacat=0&LH_Sold=1&_udlo=&_udhi=&_samilow=&_samihi=&_sop=12&_dmd=1&_ipg=200&LH_Complete=1&_fosrp=1&_nkw=%22Cynthia+montana%22&rt=nc&LH_PrefLoc=2,0,1
Anaea itys,True,https://www.ebay.com/sch/i.html?_sacat=0&LH_Sold=1&_udlo=&_udhi=&_samilow=&_samihi=&_sop=12&_dmd=1&_ipg=200&LH_Complete=1&_fosrp=1&_nkw=%22Anaea+itys%22&rt=nc&LH_PrefLoc=2,1,1
Zegris uarda,True,https://www.ebay.com/sch/i.html?_sacat=0&LH_Sold=1&_udlo=&_udhi=&_samilow=&_samihi=&_sop=12&_dmd=1&_ipg=200&LH_Complete=1&_fosrp=1&_nkw=%22Zegris+uarda%22&rt=nc&LH_PrefLoc=2,1,1
Hirschfeldia incana,False,https://www.ebay.com/sch/i.html?_sacat=0&LH_Sold=1&_udlo=&_udhi=&_samilow=&_samihi=&_sop=12&_dmd=1&_ipg=200&LH_Complete=1&_fosrp=1&_nkw=%22Hirschfeldia+incana%22&rt=nc&LH_PrefLoc=2,0,1
Colias cesonia,False,https://www.ebay.com/sch/i.html?_sacat=0&LH_Sold=1&_udlo=&_udhi=&_samilow=&_samihi=&_sop=12&_dmd=1&_ipg=200&LH_Complete=1&_fosrp=1&_nkw=%22Colias+cesonia%22&rt=nc&LH_PrefLoc=2,0,1
Colias eurydice,True,https://www.ebay.com/sch/i.html?_sacat=0&LH_Sold=1&_udlo=&_udhi=&_samilow=&_samihi=&_sop=12&_dmd=1&_ipg=200&LH_Complete=1&_fosrp=1&_nkw=%22Colias+eurydice%22&rt=nc&LH_PrefLoc=2,1,1
Allancastria caucasica,True,https://www.ebay.com/sch/i.html?_sacat=0&LH_Sold=1&_udlo=&_udhi=&_samilow=&_samihi=&_sop=12&_dmd=1&_ipg=200&LH_Complete=1&_fosrp=1&_nkw=%22Allancastria+caucasica%22&rt=nc&LH_PrefLoc=2,6,1
Thais cerisyi,False,https://www.ebay.com/sch/i.html?_sacat=0&LH_Sold=1&_udlo=&_udhi=&_samilow=&_samihi=&_sop=12&_dmd=1&_ipg=200&LH_Complete=1&_fosrp=1&_nkw=%22Thais+cerisyi%22&rt=nc&LH_PrefLoc=2,0,1
Allancastria cerisyi,True,https://www.ebay.com/sch/i.html?_sacat=0&LH_Sold=1&_udlo=&_udhi=&_samilow=&_samihi=&_sop=12&_dmd=1&_ipg=200&LH_Complete=1&_fosrp=1&_nkw=%22Allancastria+cerisyi%22&rt=nc&LH_PrefLoc=2,1,1
Allancastria deyrollei,False,https://www.ebay.com/sch/i.html?_sacat=0&LH_Sold=1&_udlo=&_udhi=&_samilow=&_samihi=&_sop=12&_dmd=1&_ipg=200&LH_Complete=1&_fosrp=1&_nkw=%22Allancastria+deyrollei%22&rt=nc&LH_PrefLoc=2,0,1
Zerynthia africana,True,https://www.ebay.com/sch/i.html?_sacat=0&LH_Sold=1&_udlo=&_udhi=&_samilow=&_samihi=&_sop=12&_dmd=1&_ipg=200&LH_Complete=1&_fosrp=1&_nkw=%22Zerynthia+africana%22&rt=nc&LH_PrefLoc=2,1,1
Zerynthia tarrieri,False,https://www.ebay.com/sch/i.html?_sacat=0&LH_Sold=1&_udlo=&_udhi=&_samilow=&_samihi=&_sop=12&_dmd=1&_ipg=200&LH_Complete=1&_fosrp=1&_nkw=%22Zerynthia+tarrieri%22&rt=nc&LH_PrefLoc=2,0,1
Thais honoratii,False,https://www.ebay.com/sch/i.html?_sacat=0&LH_Sold=1&_udlo=&_udhi=&_samilow=&_samihi=&_sop=12&_dmd=1&_ipg=200&LH_Complete=1&_fosrp=1&_nkw=%22Thais+honoratii%22&rt=nc&LH_PrefLoc=2,0,1
Zeuxidia masoni,False,https://www.ebay.com/sch/i.html?_sacat=0&LH_Sold=1&_udlo=&_udhi=&_samilow=&_samihi=&_sop=12&_dmd=1&_ipg=200&LH_Complete=1&_fosrp=1&_nkw=%22Zeuxidia+masoni%22&rt=nc&LH_PrefLoc=2,0,1
Mimosa pudica,True,https://www.ebay.com/sch/i.html?_sacat=0&LH_Sold=1&_udlo=&_udhi=&_samilow=&_samihi=&_sop=12&_dmd=1&_ipg=200&LH_Complete=1&_fosrp=1&_nkw=%22Mimosa+pudica%22&rt=nc&LH_PrefLoc=2,159,1
Papilio jordani,True,https://www.ebay.com/sch/i.html?_sacat=0&LH_Sold=1&_udlo=&_udhi=&_samilow=&_samihi=&_sop=12&_dmd=1&_ipg=200&LH_Complete=1&_fosrp=1&_nkw=%22Papilio+jordani%22&rt=nc&LH_PrefLoc=2,2,1
Papilio plagiatus,True,https://www.ebay.com/sch/i.html?_sacat=0&LH_Sold=1&_udlo=&_udhi=&_samilow=&_samihi=&_sop=12&_dmd=1&_ipg=200&LH_Complete=1&_fosrp=1&_nkw=%22Papilio+plagiatus%22&rt=nc&LH_PrefLoc=2,1,1
